idxUp,idxLow,midUp,midLow,ringUp,ringLow,thumb,pinky,label
123,70,100,125,54,34,0,51,ka
121,68,100,124,54,34,0,52,ka
118,66,99,124,54,34,0,51,ka
114,65,99,124,50,34,0,51,ka
114,63,98,124,50,34,0,49,ka
107,61,98,123,50,34,0,49,ka
105,61,97,123,50,34,0,49,ka
103,58,97,122,52,33,0,49,ka
103,57,97,122,52,33,0,49,ka
100,54,96,122,52,33,0,49,ka
98,54,96,122,52,33,0,49,ka
98,52,96,122,52,33,0,49,ka
98,51,96,122,52,33,0,49,ka
98,52,96,122,52,33,0,49,ka
98,51,97,122,52,33,0,49,ka
98,51,97,122,52,32,0,49,ka
98,50,97,122,52,32,0,51,ka
96,50,97,122,54,33,0,49,ka
96,50,97,122,54,33,0,51,ka
94,50,97,122,54,32,0,51,ka
94,50,96,121,54,32,0,51,ka
94,48,97,121,54,32,0,51,ka
94,48,97,121,54,32,0,52,ka
96,48,97,121,54,32,0,52,ka
96,47,97,121,54,32,0,52,ka
96,48,97,121,54,33,0,52,ka
96,48,96,121,54,33,0,52,ka
96,48,96,121,52,33,0,52,ka
98,47,96,121,54,33,0,51,ka
100,48,96,121,52,33,0,51,ka
103,47,97,121,54,33,0,51,ka
103,48,96,121,52,33,0,51,ka
103,47,96,121,54,33,0,51,ka
100,47,95,121,52,33,0,49,ka
100,47,95,121,54,33,0,49,ka
98,47,95,121,54,33,0,47,ka
96,47,94,121,54,32,0,47,ka
98,47,94,121,55,32,0,47,ka
91,47,95,121,54,32,0,49,ka
91,45,95,121,54,32,0,49,ka
89,45,94,121,52,32,0,49,ka
89,45,95,121,54,32,0,49,ka
87,47,94,121,52,32,0,51,ka
85,45,94,121,52,32,0,51,ka
82,45,94,121,52,32,0,51,ka
85,45,94,121,52,32,0,52,ka
82,45,93,121,52,32,0,52,ka
82,45,93,121,52,32,0,51,ka
85,44,93,121,52,32,0,42,ka
85,45,93,122,52,32,0,42,ka
85,44,93,122,52,32,0,42,ka
85,45,93,122,52,32,0,42,ka
85,44,93,122,54,32,0,42,ka
85,44,93,121,54,32,0,42,ka
85,44,94,122,54,32,0,42,ka
85,44,94,122,54,32,0,41,ka
87,44,95,121,54,32,0,42,ka
87,44,95,121,54,32,0,44,ka
87,44,95,121,55,33,0,54,ka
87,44,95,121,55,33,0,54,ka
85,45,94,121,55,33,0,54,ka
85,45,95,121,55,33,0,54,ka
85,47,94,121,54,33,0,54,ka
87,48,93,121,54,33,0,56,ka
85,47,94,121,54,33,0,54,ka
85,48,93,121,55,33,0,56,ka
85,48,93,121,55,33,0,56,ka
82,48,93,121,52,34,0,54,ka
82,50,93,121,52,34,0,52,ka
80,50,93,121,52,34,0,51,ka
80,50,93,121,52,33,0,51,ka
82,48,93,121,52,33,0,51,ka
82,48,94,121,52,34,0,51,ka
85,45,94,121,52,33,0,52,ka
85,45,93,121,50,33,0,52,ka
87,44,94,121,48,33,0,51,ka
87,43,93,121,48,33,0,51,ka
87,43,93,121,50,32,0,51,ka
87,44,93,121,50,32,0,51,ka
89,44,94,121,52,32,0,54,ka
91,43,94,121,52,33,0,52,ka
89,44,93,121,50,33,0,52,ka
89,44,93,121,50,33,0,52,ka
87,45,94,121,52,33,0,51,ka
87,47,94,121,52,32,0,51,ka
85,47,93,121,54,32,0,51,ka
85,47,94,121,54,33,0,51,ka
87,47,94,121,52,34,0,52,ka
87,45,94,121,54,33,0,51,ka
85,45,94,121,52,33,0,49,ka
89,45,94,121,48,32,0,49,ka
89,45,94,121,48,32,0,49,ka
89,44,94,121,48,32,0,52,ka
89,44,94,121,50,32,0,49,ka
91,45,94,121,48,33,0,49,ka
91,45,94,121,48,33,0,49,ka
94,45,93,121,50,32,0,49,ka
94,45,93,121,47,32,0,49,ka
100,45,94,121,47,34,0,49,ka
98,45,93,121,47,33,0,49,ka
96,45,93,121,50,33,0,47,ka
96,45,93,121,50,34,0,47,ka
96,45,94,122,48,34,0,46,ka
96,45,94,121,48,34,0,47,ka
96,45,93,121,50,34,0,47,ka
94,45,93,120,50,34,0,46,ka
91,45,93,120,50,34,0,46,ka
91,44,93,120,54,34,0,46,ka
85,44,93,120,54,34,0,46,ka
85,44,93,120,54,34,0,46,ka
85,44,93,121,54,34,0,49,ka
87,45,93,121,54,34,0,49,ka
85,45,92,121,54,34,0,49,ka
85,45,92,121,54,33,0,51,ka
85,45,92,121,54,33,0,64,ka
85,45,93,122,52,33,0,66,ka
85,45,92,122,52,33,0,66,ka
82,44,93,122,52,33,0,64,ka
85,45,93,122,52,33,0,66,ka
85,45,93,122,52,32,0,66,ka
85,45,93,121,50,32,0,64,ka
85,43,93,120,50,32,0,66,ka
85,43,93,121,50,32,0,66,ka
87,44,93,121,52,33,0,66,ka
87,44,93,121,52,33,0,52,ka
85,44,93,121,52,34,0,52,ka
87,44,93,121,52,34,0,52,ka
87,48,93,121,52,34,0,52,ka
85,48,93,121,52,34,0,52,ka
85,47,93,121,54,34,0,52,ka
85,47,94,121,55,34,0,52,ka
85,47,93,120,55,34,0,51,ka
85,47,93,120,55,34,0,59,ka
85,47,93,120,55,34,0,56,ka
85,47,93,120,54,34,0,56,ka
85,47,93,121,54,33,0,56,ka
87,47,93,121,54,33,0,57,ka
89,44,93,121,54,34,0,57,ka
89,44,93,121,54,34,0,56,ka
87,44,93,121,54,34,0,56,ka
87,44,93,121,54,34,0,57,ka
87,44,93,121,54,34,0,57,ka
85,44,93,121,54,34,0,47,ka
82,45,93,121,54,34,0,51,ka
82,45,93,121,54,33,0,51,ka
85,44,93,120,54,33,0,51,ka
82,44,93,120,55,33,0,51,ka
82,44,92,120,55,33,0,49,ka
82,44,93,120,54,33,0,51,ka
82,44,93,121,54,33,0,51,ka
82,44,93,121,54,33,0,51,ka
85,44,93,121,54,33,0,51,ka
87,44,93,121,54,33,0,52,ka
89,44,93,121,54,33,0,52,ka
89,44,93,121,54,33,0,52,ka
89,44,94,121,52,34,0,52,ka
89,44,94,121,52,32,0,52,ka
87,44,94,121,50,30,0,54,ka
87,44,94,121,50,30,0,52,ka
87,44,93,121,52,30,0,52,ka
87,44,93,121,52,30,0,52,ka
87,44,93,120,52,30,0,51,ka
87,44,93,119,52,30,0,51,ka
82,44,93,119,52,30,0,51,ka
82,44,93,119,52,29,0,49,ka
85,45,92,118,55,29,0,49,ka
85,45,93,119,59,32,0,49,ka
87,45,93,119,60,32,0,49,ka
87,45,93,119,60,32,0,51,ka
87,45,93,119,60,33,0,49,ka
89,45,93,119,60,32,0,49,ka
87,45,93,120,60,32,0,49,ka
87,45,93,121,60,33,0,49,ka
89,45,93,121,59,33,0,49,ka
89,45,93,121,59,33,0,47,ka
89,44,93,121,57,33,0,47,ka
87,44,93,120,54,34,0,47,ka
85,44,93,120,52,33,0,47,ka
87,44,93,121,47,33,0,47,ka
87,44,93,121,47,33,0,52,ka
87,44,92,121,47,33,0,52,ka
87,44,92,121,45,33,0,52,ka
87,44,92,122,47,33,0,51,ka
85,44,92,122,47,33,0,52,ka
85,44,91,122,48,33,0,54,ka
82,44,92,121,48,33,0,54,ka
82,44,91,121,48,32,0,54,ka
87,44,92,121,48,32,0,54,ka
87,43,91,121,54,32,0,54,ka
89,43,91,121,52,32,0,47,ka
85,43,91,121,52,32,0,51,ka
85,43,92,121,54,32,0,49,ka
85,43,92,120,52,32,0,51,ka
87,43,92,120,59,32,0,51,ka
87,41,92,120,59,33,0,49,ka
87,43,92,120,59,32,0,46,ka
89,43,92,120,59,33,0,46,ka
87,43,92,121,59,33,0,46,ka
85,41,92,121,59,33,0,47,ka
82,41,92,121,59,33,0,47,ka
82,41,92,121,59,33,0,44,ka
82,41,92,121,59,33,0,46,ka
82,41,92,121,59,33,0,46,ka
80,43,92,121,50,33,0,46,ka
82,43,92,121,50,33,0,46,ka
80,43,92,121,50,33,0,49,ka
80,43,92,121,52,33,0,49,ka
80,43,92,121,50,33,0,49,ka
80,44,92,121,50,33,0,49,ka
78,44,93,121,52,33,0,49,ka
82,44,93,121,52,33,0,49,ka
82,44,93,120,55,33,0,47,ka
82,44,93,121,57,34,0,49,ka
82,44,93,120,57,34,0,49,ka
82,43,93,120,55,38,0,51,ka
82,43,94,120,55,38,0,51,ka
82,43,94,120,55,36,0,49,ka
82,43,93,120,57,36,0,49,ka
85,43,93,120,55,36,0,51,ka
87,43,94,120,55,36,0,49,ka
85,43,93,120,59,33,0,49,ka
82,43,93,120,60,34,0,49,ka
85,43,93,120,60,33,0,49,ka
85,43,93,120,60,33,0,49,ka
85,43,93,120,59,29,0,47,ka
85,43,93,119,59,32,0,47,ka
87,41,93,119,59,32,0,47,ka
87,41,93,120,57,32,0,47,ka
87,41,93,120,55,33,0,47,ka
87,41,92,120,55,33,0,42,ka
87,41,92,120,54,33,0,44,ka
89,41,92,120,47,33,0,46,ka
89,41,92,120,47,33,0,46,ka
89,43,93,120,43,33,0,44,ka
89,41,92,120,45,33,0,44,ka
87,41,93,120,48,30,0,46,ka
85,43,93,120,48,30,0,47,ka
76,43,93,120,50,30,0,47,ka
73,43,93,120,50,30,0,47,ka
73,43,93,120,50,30,0,52,ka
73,43,93,119,52,32,0,52,ka
71,43,93,118,50,37,0,52,ka
73,41,92,119,48,36,0,51,ka
76,41,91,118,52,36,0,49,ka
73,41,92,118,52,36,0,49,ka
73,41,92,118,48,36,0,49,ka
76,41,92,118,48,36,0,49,ka
85,43,92,118,48,36,0,51,ka
85,43,92,118,48,36,0,52,ka
85,43,92,119,48,36,0,51,ka
80,44,92,119,48,36,0,51,ka
82,43,92,119,48,32,0,51,ka
76,44,92,120,48,32,0,52,ka
76,44,93,120,48,32,0,52,ka
76,44,93,120,48,32,0,54,ka
76,44,93,120,50,32,0,52,ka
76,43,92,120,50,32,0,52,ka
82,43,92,119,48,32,0,52,ka
85,43,92,119,48,32,0,49,ka
85,43,92,119,48,32,0,51,ka
87,43,92,119,48,32,0,49,ka
89,44,92,119,50,32,0,52,ka
96,45,92,119,50,32,0,54,ka
96,45,92,119,52,32,0,54,ka
98,45,92,119,50,32,0,52,ka
98,45,91,119,48,32,0,52,ka
98,45,91,119,50,32,0,51,ka
91,45,92,119,50,33,0,51,ka
89,45,92,119,52,33,0,51,ka
89,45,92,119,50,33,0,49,ka
91,48,92,119,50,33,0,49,ka
89,47,92,119,50,33,0,47,ka
87,45,92,120,48,33,0,47,ka
85,45,92,120,48,33,0,46,ka
82,45,92,120,50,33,0,46,ka
80,45,92,120,48,32,0,46,ka
78,45,92,121,47,33,0,46,ka
78,45,92,121,42,34,0,47,ka
80,45,92,121,42,34,0,49,ka
78,45,92,121,42,33,0,49,ka
73,44,92,121,42,34,0,41,ka
73,44,91,121,42,34,0,41,ka
73,44,91,121,43,34,0,42,ka
76,43,91,121,43,34,0,42,ka
78,43,91,121,43,34,0,42,ka
78,43,91,121,45,36,0,41,ka
76,43,90,120,45,33,0,41,ka
76,43,90,120,50,33,0,39,ka
73,43,90,120,48,33,0,37,ka
73,43,91,120,48,33,0,39,ka
78,43,91,120,48,32,0,47,ka
78,43,91,119,48,32,0,49,ka
78,43,91,119,47,32,0,46,ka
78,44,91,119,47,32,0,46,ka
78,44,91,119,47,28,0,46,ka
78,43,91,119,45,28,0,47,ka
80,43,91,120,47,28,0,49,ka
80,43,91,120,47,28,0,49,ka
82,43,92,120,48,28,0,47,ka
82,43,91,120,48,30,0,49,ka
82,43,91,120,48,32,0,49,ka
85,43,91,120,48,32,0,49,ka
85,43,91,120,48,32,0,47,ka
82,43,91,119,48,29,0,51,ka
80,43,91,119,48,33,0,47,ka
78,43,91,119,50,33,0,46,ka
78,43,90,119,48,33,0,44,ka
80,43,91,119,48,33,0,44,ka
78,43,90,119,48,33,0,46,ka
78,43,90,119,50,30,0,46,ka
78,43,90,119,50,30,0,44,ka
78,43,91,119,50,30,0,44,ka
78,43,91,119,50,30,0,46,ka
80,43,90,119,50,32,0,42,ka
82,43,91,118,50,33,0,44,ka
82,43,91,118,52,33,0,47,ka
85,43,90,119,54,33,0,49,ka
82,43,91,118,54,33,0,47,ka
82,43,91,118,54,33,0,47,ka
82,43,91,119,54,33,0,46,ka
82,43,91,119,54,33,0,47,ka
80,43,91,119,52,33,0,49,ka
80,43,92,119,52,33,0,49,ka
82,41,92,119,52,33,0,49,ka
78,41,91,119,52,33,0,51,ka
76,43,91,119,50,32,0,49,ka
78,41,92,119,48,32,0,47,ka
80,41,92,119,48,33,0,49,ka
80,41,92,119,48,33,0,51,ka
80,41,92,119,48,32,0,51,ka
80,41,92,119,48,32,0,51,ka
80,41,92,120,48,32,0,49,ka
80,41,92,120,52,33,0,49,ka
78,41,92,120,50,33,0,49,ka
80,41,92,120,50,33,0,49,ka
80,41,92,120,50,32,0,49,ka
76,41,91,120,52,32,0,51,ka
76,41,91,119,52,32,0,49,ka
78,41,91,119,52,32,0,49,ka
76,41,91,120,52,30,0,49,ka
78,41,90,120,48,30,0,51,ka
76,41,90,119,48,30,0,51,ka
76,41,90,119,43,29,0,51,ka
78,40,90,119,45,30,0,51,ka
78,40,92,119,45,30,0,49,ka
80,37,93,119,45,30,0,51,ka
82,37,93,119,47,30,0,47,ka
82,37,93,119,47,32,0,47,ka
82,37,93,119,47,32,0,47,ka
82,37,93,118,47,33,0,47,ka
82,37,93,118,50,33,0,46,ka
82,37,93,118,50,33,0,47,ka
82,37,93,118,52,33,0,44,ka
82,37,93,118,52,33,0,46,ka
82,38,91,118,52,33,0,46,ka
82,40,91,118,50,33,0,46,ka
80,41,90,118,48,33,0,47,ka
80,40,90,118,50,33,0,49,ka
80,40,90,118,50,34,0,49,ka
80,40,90,117,50,34,0,49,ka
80,40,90,118,50,33,0,51,ka
78,40,90,117,48,33,0,51,ka
78,40,90,118,48,33,0,52,ka
80,40,90,118,48,33,0,52,ka
80,40,90,118,48,33,0,51,ka
78,41,90,118,50,33,0,51,ka
78,41,90,118,50,33,0,51,ka
78,41,90,118,48,33,0,51,ka
80,41,91,119,50,32,0,51,ka
80,41,90,119,50,32,0,56,ka
80,41,90,119,52,33,0,54,ka
82,41,91,119,52,33,0,54,ka
82,41,91,119,52,33,0,56,ka
80,41,90,119,52,33,0,56,ka
80,41,91,119,54,32,0,56,ka
80,41,91,119,52,32,0,54,ka
80,41,91,119,52,32,0,54,ka
82,41,91,119,52,32,0,54,ka
82,41,91,119,50,30,0,52,ka
82,41,91,118,48,32,0,47,ka
82,41,92,117,47,32,0,47,ka
85,41,91,117,47,32,0,42,ka
85,40,92,118,48,30,0,41,ka
87,41,92,118,47,29,0,41,ka
87,41,92,118,45,29,0,41,ka
89,40,93,118,47,29,0,41,ka
89,41,93,118,47,30,0,46,ka
89,41,93,117,47,30,0,46,ka
87,41,92,118,45,30,0,46,ka
89,41,92,118,45,30,0,46,ka
89,41,92,119,47,30,0,42,ka
87,41,92,119,45,30,0,47,ka
87,41,91,119,45,32,0,47,ka
85,41,91,118,47,32,0,49,ka
91,41,90,119,47,32,0,49,ka
91,41,90,118,47,32,0,47,ka
91,40,90,118,47,32,0,44,ka
91,40,90,118,50,32,0,42,ka
91,40,91,118,54,32,0,42,ka
85,41,91,118,54,30,0,44,ka
85,40,92,118,54,32,0,46,ka
87,41,92,118,54,32,0,46,ka
85,40,92,118,54,32,0,46,ka
85,40,92,118,54,32,0,44,ka
78,40,92,118,54,32,0,46,ka
78,40,92,118,54,32,0,47,ka
78,40,92,118,54,28,0,47,ka
80,40,91,118,50,28,0,46,ka
78,40,91,118,52,28,0,46,ka
78,40,92,118,52,28,0,46,ka
78,40,91,118,52,30,0,42,ka
71,41,91,118,52,34,0,46,ka
73,41,92,118,52,34,0,46,ka
78,41,92,118,52,34,0,47,ka
78,41,92,118,52,34,0,47,ka
78,41,92,117,50,34,0,47,ka
87,41,92,118,50,38,0,47,ka
87,41,91,118,50,38,0,51,ka
89,41,92,117,50,38,0,52,ka
98,41,92,117,52,38,0,52,ka
96,41,92,117,52,37,0,54,ka
100,41,91,117,50,33,0,54,ka
98,40,91,117,50,32,0,54,ka
96,40,91,117,54,32,0,54,ka
96,40,91,117,54,33,0,54,ka
94,40,91,118,54,32,0,54,ka
85,41,90,118,54,32,0,52,ka
89,41,91,118,54,32,0,51,ka
87,40,91,118,52,32,0,52,ka
85,40,90,118,52,32,0,52,ka
85,40,91,118,52,32,0,54,ka
85,40,92,118,54,33,0,52,ka
87,40,91,118,55,33,0,52,ka
87,40,91,118,50,33,0,52,ka
85,41,91,118,48,33,0,52,ka
87,40,91,118,50,33,0,52,ka
89,40,91,117,50,33,0,54,ka
85,40,91,117,50,36,0,57,ka
85,41,91,117,50,38,0,57,ka
85,41,91,117,54,38,0,56,ka
87,45,90,117,54,38,0,56,ka
87,45,90,117,54,37,0,54,ka
87,45,90,118,55,37,0,52,ka
87,47,90,118,55,37,0,52,ka
85,47,90,118,59,37,0,52,ka
85,47,90,118,60,37,0,52,ka
85,43,90,118,60,37,0,51,ka
85,43,90,118,59,33,0,46,ka
85,43,89,118,59,30,0,47,ka
85,43,89,118,55,30,0,47,ka
82,37,89,117,55,30,0,46,ka
82,37,89,117,54,30,0,44,ka
82,37,90,117,54,30,0,46,ka
82,36,89,117,55,30,0,47,ka
85,36,89,117,54,30,0,46,ka
85,37,90,117,54,30,0,46,ka
85,40,89,117,52,30,0,46,ka
85,40,90,117,54,32,0,46,ka
87,40,91,117,52,32,0,46,ka
87,40,91,117,52,32,0,46,ka
87,38,92,117,52,33,0,46,ka
89,38,92,117,54,32,0,49,ka
87,38,91,117,54,32,0,49,ka
87,40,92,117,54,32,0,47,ka
85,40,92,117,52,32,0,52,ka
87,40,92,117,52,32,0,52,ka
87,38,92,117,52,33,0,52,ka
87,40,92,117,52,33,0,54,ka
85,40,92,117,52,33,0,54,ka
85,40,92,117,52,33,0,52,ka
85,40,91,117,52,33,0,54,ka
82,40,91,117,50,33,0,61,ka
87,38,90,117,50,33,0,62,ka
87,40,90,117,48,33,0,61,ka
87,40,90,117,48,33,0,57,ka
87,38,90,117,50,33,0,57,ka
85,40,90,117,50,36,0,57,ka
85,38,90,117,50,36,0,57,ka
87,40,89,117,50,36,0,59,ka
87,38,90,117,52,34,0,59,ka
87,38,90,118,52,34,0,59,ka
89,38,90,117,54,34,0,51,ka
87,40,91,118,54,34,0,49,ka
85,40,91,118,55,34,0,51,ka
87,40,91,118,55,34,0,51,ka
85,41,91,117,54,34,0,51,ka
85,41,92,118,52,30,0,51,ka
85,43,92,118,52,30,0,51,ka
82,43,92,119,52,30,0,49,ka
82,43,91,119,48,30,0,47,ka
82,43,91,118,48,30,0,51,ka
80,43,91,118,48,30,0,51,ka
80,41,91,118,48,29,0,52,ka
82,41,91,118,48,30,0,51,ka
85,41,91,118,48,30,0,51,ka
87,40,90,118,48,30,0,52,ka
89,40,91,118,50,30,0,52,ka
89,40,91,118,50,30,0,52,ka
89,40,92,118,50,32,0,51,ka
87,40,92,118,50,30,0,49,ka
13,27,90,128,52,29,0,47,kha
11,27,90,127,54,29,0,47,kha
8,25,90,127,52,29,0,49,kha
6,25,90,128,52,29,0,49,kha
6,23,90,128,50,29,0,49,kha
4,22,90,127,52,28,0,47,kha
4,20,89,127,52,28,0,49,kha
0,19,89,126,52,29,0,49,kha
0,18,89,123,52,29,0,49,kha
0,16,89,123,52,29,0,47,kha
0,16,89,123,52,29,0,49,kha
0,16,89,123,52,29,0,49,kha
0,16,89,123,52,29,0,49,kha
0,16,89,123,52,29,0,49,kha
0,16,89,122,54,29,0,49,kha
0,18,89,122,54,30,0,51,kha
0,18,89,123,54,30,0,46,kha
0,19,89,123,54,30,0,44,kha
0,18,89,121,54,30,0,44,kha
0,18,89,121,54,30,0,42,kha
0,18,89,121,54,29,0,42,kha
0,18,89,121,54,29,0,42,kha
0,16,89,121,54,29,0,44,kha
0,16,89,121,54,29,0,41,kha
0,16,89,121,52,29,0,39,kha
0,16,89,121,52,30,0,41,kha
0,16,89,121,52,30,0,42,kha
0,15,89,121,52,30,0,44,kha
0,15,89,123,52,30,0,44,kha
0,16,89,122,52,32,0,47,kha
0,16,89,123,52,33,0,47,kha
0,16,90,123,54,33,0,46,kha
0,16,90,123,52,33,0,46,kha
0,16,90,123,52,33,0,47,kha
0,16,90,123,55,34,0,51,kha
0,16,90,123,55,33,0,51,kha
0,16,90,122,55,33,0,49,kha
0,16,90,122,54,33,0,49,kha
0,16,90,122,54,32,0,51,kha
0,16,90,122,55,30,0,51,kha
0,15,90,122,55,29,0,51,kha
0,15,90,122,52,29,0,42,kha
0,15,90,122,52,29,0,42,kha
0,13,90,122,50,29,0,41,kha
0,13,90,122,48,29,0,41,kha
0,13,91,122,48,29,0,41,kha
0,13,91,123,48,29,0,42,kha
0,13,91,122,50,29,0,42,kha
0,12,90,122,50,30,0,42,kha
0,12,91,122,48,30,0,42,kha
0,13,90,122,48,30,0,42,kha
0,13,90,122,48,30,0,51,kha
0,13,90,122,48,30,0,51,kha
0,13,90,122,52,30,0,51,kha
0,12,90,122,54,30,0,51,kha
0,13,90,121,52,30,0,49,kha
0,13,90,122,52,32,0,52,kha
0,13,90,121,52,30,0,52,kha
0,13,90,121,52,30,0,51,kha
0,13,90,122,52,30,0,49,kha
0,15,91,122,54,30,0,47,kha
0,15,91,122,54,29,0,49,kha
0,15,91,122,52,29,0,51,kha
0,16,91,122,52,29,0,51,kha
0,16,91,122,50,29,0,51,kha
0,16,91,122,50,29,0,51,kha
0,16,92,122,50,29,0,46,kha
0,15,92,122,50,29,0,47,kha
0,15,92,122,50,28,0,47,kha
0,15,91,122,50,29,0,49,kha
0,13,90,122,50,29,0,49,kha
0,13,90,123,50,30,0,49,kha
0,13,90,123,50,29,0,49,kha
0,12,90,123,52,29,0,44,kha
0,11,90,123,50,29,0,46,kha
0,11,89,123,52,29,0,46,kha
0,12,89,123,52,29,0,46,kha
0,12,89,123,52,30,0,44,kha
0,12,89,123,52,30,0,46,kha
0,12,89,122,52,30,0,46,kha
0,13,89,123,52,30,0,46,kha
0,13,89,122,52,30,0,46,kha
0,13,89,123,52,30,0,44,kha
0,15,88,122,52,30,0,49,kha
0,16,88,122,50,30,0,49,kha
0,16,89,122,50,30,0,47,kha
0,16,89,122,52,30,0,47,kha
0,18,89,122,52,29,0,49,kha
0,19,89,122,55,30,0,46,kha
0,19,89,122,55,30,0,44,kha
0,19,89,121,55,30,0,44,kha
0,18,89,122,57,30,0,46,kha
0,19,90,122,55,30,0,46,kha
0,18,90,122,54,30,0,47,kha
0,18,90,122,54,32,0,47,kha
0,18,91,121,65,32,0,49,kha
0,16,90,122,65,32,0,49,kha
0,16,90,122,65,32,0,49,kha
0,15,91,122,62,30,0,51,kha
0,15,91,122,60,30,0,51,kha
0,15,90,122,59,28,0,51,kha
0,13,91,122,57,29,0,49,kha
0,12,90,122,57,28,0,51,kha
0,13,90,122,60,28,0,47,kha
0,15,90,123,62,28,0,51,kha
0,16,90,123,52,28,0,51,kha
0,18,90,122,50,28,0,51,kha
0,20,90,122,48,28,0,49,kha
0,20,90,122,48,28,0,47,kha
0,22,90,122,50,28,0,49,kha
0,25,90,122,52,30,0,49,kha
0,26,89,122,52,30,0,49,kha
0,27,89,121,52,30,0,47,kha
0,26,89,121,52,30,0,47,kha
0,26,89,121,50,30,0,46,kha
0,25,89,121,50,30,0,46,kha
0,23,89,121,50,30,0,47,kha
0,23,89,121,50,30,0,47,kha
0,22,90,121,52,30,0,46,kha
0,20,90,121,52,30,0,47,kha
0,20,90,121,52,30,0,47,kha
0,19,89,121,52,30,0,49,kha
0,19,89,121,57,32,0,51,kha
0,19,89,121,55,32,0,51,kha
0,19,90,121,55,30,0,49,kha
0,18,90,121,55,30,0,51,kha
0,18,90,121,55,30,0,51,kha
0,18,90,121,55,29,0,49,kha
0,18,90,121,55,29,0,51,kha
0,16,90,121,55,29,0,51,kha
0,16,90,121,55,30,0,49,kha
0,15,91,122,54,29,0,49,kha
0,15,92,122,45,29,0,47,kha
0,13,92,122,47,29,0,49,kha
0,13,92,123,47,30,0,51,kha
0,13,92,123,47,29,0,49,kha
0,13,92,123,47,29,0,47,kha
0,13,92,123,47,30,0,46,kha
0,15,92,124,47,30,0,46,kha
0,15,92,124,45,30,0,46,kha
0,13,91,124,45,30,0,46,kha
0,13,91,124,43,30,0,47,kha
0,13,91,124,48,30,0,49,kha
0,13,92,124,48,30,0,46,kha
0,13,91,124,48,30,0,46,kha
0,13,91,124,48,30,0,46,kha
0,13,92,124,45,30,0,47,kha
0,13,92,124,47,30,0,47,kha
0,12,92,123,47,30,0,47,kha
0,13,92,123,48,30,0,49,kha
0,13,92,123,48,32,0,51,kha
0,13,92,123,50,32,0,51,kha
0,12,92,123,50,32,0,51,kha
0,13,91,122,50,32,0,51,kha
0,13,91,122,50,32,0,51,kha
0,15,90,122,50,32,0,51,kha
0,15,90,122,48,32,0,51,kha
0,13,90,122,48,30,0,49,kha
0,15,90,122,48,32,0,51,kha
0,15,90,122,48,30,0,49,kha
0,15,91,122,48,30,0,47,kha
0,13,91,122,48,30,0,36,kha
0,15,91,122,47,30,0,36,kha
0,13,91,122,47,32,0,36,kha
0,12,91,122,47,30,0,36,kha
0,11,91,122,47,30,0,34,kha
0,11,91,122,50,30,0,36,kha
0,11,91,123,50,30,0,37,kha
0,11,91,123,52,30,0,37,kha
0,11,91,123,50,30,0,37,kha
0,11,91,123,52,29,0,37,kha
0,11,91,123,52,29,0,47,kha
0,11,90,124,54,29,0,47,kha
0,9,90,124,52,33,0,49,kha
0,11,91,124,54,34,0,49,kha
0,11,91,124,52,33,0,49,kha
0,11,91,123,52,34,0,49,kha
0,9,91,123,52,34,0,51,kha
0,9,91,123,50,34,0,51,kha
0,11,91,123,52,34,0,49,kha
0,9,91,123,52,34,0,51,kha
0,9,92,123,55,36,0,51,kha
0,11,91,123,55,36,0,51,kha
0,12,91,123,55,32,0,49,kha
0,12,91,122,55,32,0,49,kha
0,11,91,122,55,32,0,49,kha
0,8,91,123,57,30,0,49,kha
0,8,91,123,57,30,0,49,kha
0,6,92,124,57,30,0,46,kha
0,6,92,123,57,30,0,49,kha
0,6,92,123,55,30,0,51,kha
0,6,91,123,54,32,0,49,kha
0,6,91,123,55,32,0,51,kha
0,6,91,124,55,32,0,51,kha
0,5,91,124,54,32,0,51,kha
0,6,92,124,54,32,0,51,kha
0,9,92,124,52,32,0,52,kha
0,9,91,124,50,30,0,52,kha
0,11,90,123,50,30,0,49,kha
0,11,90,123,50,30,0,49,kha
0,11,90,124,52,30,0,49,kha
0,9,90,124,50,30,0,49,kha
0,9,90,123,50,30,0,44,kha
0,11,90,123,48,30,0,44,kha
0,11,90,122,50,29,0,42,kha
0,12,90,122,52,29,0,41,kha
0,12,90,122,52,30,0,39,kha
0,12,90,122,50,32,0,39,kha
0,12,90,122,50,30,0,41,kha
0,13,90,122,48,32,0,41,kha
0,13,90,122,48,32,0,39,kha
0,13,90,122,48,32,0,41,kha
0,12,90,122,48,32,0,47,kha
0,11,90,122,48,32,0,52,kha
0,11,90,122,48,32,0,52,kha
0,9,90,122,48,29,0,54,kha
0,9,90,122,48,28,0,52,kha
0,11,90,122,48,28,0,52,kha
0,11,90,122,50,29,0,54,kha
0,9,90,122,52,29,0,57,kha
0,11,90,122,52,29,0,59,kha
0,11,90,122,52,28,0,57,kha
0,11,90,122,54,28,0,56,kha
0,12,90,122,52,28,0,51,kha
0,12,90,122,54,28,0,49,kha
0,12,90,122,54,29,0,49,kha
0,13,90,122,54,30,0,51,kha
0,11,90,121,48,30,0,51,kha
0,12,90,121,48,29,0,51,kha
0,13,90,122,47,29,0,47,kha
0,12,90,122,47,29,0,47,kha
0,13,90,122,47,30,0,47,kha
0,12,89,121,47,30,0,46,kha
0,12,90,122,45,33,0,36,kha
0,11,89,122,45,33,0,37,kha
0,11,89,122,45,33,0,37,kha
0,11,89,122,45,32,0,37,kha
0,11,90,122,50,32,0,37,kha
0,9,90,122,50,33,0,37,kha
0,9,90,122,52,33,0,39,kha
0,8,90,122,52,32,0,39,kha
0,8,90,122,52,32,0,39,kha
0,8,90,122,52,32,0,41,kha
0,8,90,122,52,30,0,49,kha
0,8,90,122,52,30,0,51,kha
0,8,90,122,55,30,0,51,kha
0,8,90,122,55,30,0,51,kha
0,6,90,122,55,30,0,51,kha
0,6,90,122,55,30,0,49,kha
0,6,89,122,55,30,0,49,kha
0,6,89,122,55,30,0,47,kha
0,5,90,122,54,30,0,49,kha
0,5,89,122,54,30,0,47,kha
0,6,89,122,55,30,0,47,kha
0,6,89,122,55,32,0,46,kha
0,6,89,122,52,30,0,46,kha
0,6,89,122,50,30,0,46,kha
0,8,89,122,50,30,0,46,kha
0,8,89,122,50,30,0,46,kha
0,9,89,122,48,30,0,46,kha
0,11,89,122,48,30,0,47,kha
0,13,89,122,48,30,0,46,kha
0,15,89,122,48,30,0,46,kha
0,15,89,123,50,32,0,47,kha
0,18,90,123,50,30,0,44,kha
0,18,90,123,50,32,0,44,kha
0,19,90,122,50,32,0,46,kha
0,19,89,122,50,32,0,46,kha
0,19,89,122,52,32,0,47,kha
0,19,89,122,52,32,0,47,kha
0,19,89,122,54,32,0,47,kha
0,19,89,124,52,32,0,47,kha
0,19,89,125,54,32,0,46,kha
0,18,89,125,50,30,0,42,kha
0,18,89,125,52,30,0,44,kha
0,18,89,125,52,30,0,44,kha
0,18,89,125,52,30,0,46,kha
0,19,89,125,50,30,0,46,kha
0,19,89,125,52,32,0,46,kha
0,19,89,125,52,30,0,46,kha
0,18,89,126,52,30,0,46,kha
0,18,89,123,52,30,0,47,kha
0,18,88,124,52,33,0,49,kha
0,18,89,122,54,33,0,51,kha
0,18,89,122,54,33,0,51,kha
0,15,89,123,54,32,0,49,kha
0,15,90,123,54,33,0,47,kha
0,13,90,122,59,33,0,49,kha
0,13,90,122,57,33,0,49,kha
0,13,90,122,57,33,0,49,kha
0,13,90,122,55,33,0,51,kha
0,12,90,122,55,33,0,49,kha
0,12,91,121,55,32,0,51,kha
0,12,91,122,55,32,0,49,kha
0,12,91,122,55,32,0,49,kha
0,13,92,122,55,32,0,51,kha
0,13,91,122,55,30,0,52,kha
0,15,91,122,54,32,0,51,kha
0,13,91,122,52,32,0,52,kha
0,15,91,122,52,32,0,52,kha
0,15,91,122,52,30,0,49,kha
0,13,90,122,52,30,0,49,kha
0,15,90,122,55,30,0,49,kha
0,16,90,122,55,30,0,49,kha
0,16,90,121,55,32,0,51,kha
0,15,90,122,54,32,0,51,kha
0,15,89,121,48,32,0,47,kha
0,15,89,121,48,32,0,51,kha
0,15,89,121,48,32,0,49,kha
0,15,89,121,47,32,0,47,kha
0,15,89,122,47,32,0,46,kha
0,15,89,122,47,38,0,47,kha
0,13,89,122,45,38,0,47,kha
0,13,89,121,43,38,0,47,kha
0,12,89,122,45,41,0,47,kha
0,12,89,121,45,39,0,46,kha
0,12,89,122,50,39,0,47,kha
0,9,89,121,50,39,0,46,kha
0,9,89,121,50,39,0,49,kha
0,8,89,122,50,38,0,49,kha
0,8,89,122,52,38,0,49,kha
0,6,89,122,50,32,0,49,kha
0,6,89,121,50,32,0,41,kha
0,6,89,122,52,32,0,44,kha
0,8,89,122,52,29,0,42,kha
0,8,89,121,52,29,0,44,kha
0,8,89,121,52,30,0,44,kha
0,8,89,122,50,30,0,42,kha
0,9,89,122,50,30,0,42,kha
0,9,89,122,52,30,0,42,kha
0,9,89,123,50,30,0,44,kha
0,9,89,123,52,30,0,42,kha
0,9,89,123,50,30,0,51,kha
0,8,89,123,48,30,0,49,kha
0,6,89,123,48,30,0,51,kha
0,6,89,124,47,30,0,49,kha
0,6,89,123,48,30,0,49,kha
0,6,89,124,48,30,0,49,kha
0,6,89,123,48,30,0,49,kha
0,6,89,123,48,30,0,49,kha
0,6,89,122,50,30,0,46,kha
0,6,89,123,48,30,0,46,kha
0,6,89,122,47,30,0,47,kha
0,6,89,122,48,30,0,46,kha
0,8,89,122,50,30,0,46,kha
0,8,89,122,50,30,0,47,kha
0,8,89,122,48,30,0,47,kha
0,9,89,121,48,30,0,46,kha
0,9,89,121,48,30,0,46,kha
0,9,89,121,48,30,0,44,kha
0,11,89,121,50,30,0,47,kha
0,11,89,121,50,30,0,47,kha
0,12,89,121,52,30,0,47,kha
0,13,89,121,52,30,0,49,kha
0,15,89,121,52,30,0,47,kha
0,15,89,121,54,30,0,49,kha
0,15,89,121,54,27,0,47,kha
0,15,89,122,52,27,0,49,kha
0,15,89,121,52,27,0,49,kha
0,15,89,121,52,27,0,49,kha
0,13,89,121,52,27,0,49,kha
0,15,89,121,52,27,0,49,kha
0,19,89,121,52,27,0,49,kha
0,19,89,122,50,27,0,49,kha
0,18,90,122,55,27,0,49,kha
0,19,90,121,55,27,0,47,kha
0,18,90,122,55,29,0,47,kha
0,19,90,122,55,28,0,49,kha
0,19,90,122,55,28,0,47,kha
0,19,89,121,55,28,0,47,kha
0,18,89,122,55,28,0,46,kha
0,16,89,121,54,28,0,46,kha
0,13,89,121,54,28,0,46,kha
0,12,89,121,52,28,0,46,kha
0,12,89,122,48,28,0,47,kha
0,12,89,122,48,32,0,47,kha
0,12,89,122,48,32,0,47,kha
0,12,89,122,47,34,0,49,kha
0,12,89,122,47,33,0,47,kha
0,12,88,122,47,36,0,49,kha
0,12,87,122,47,36,0,47,kha
0,11,88,122,47,36,0,49,kha
0,9,87,121,45,36,0,49,kha
0,9,87,122,48,36,0,49,kha
0,9,86,121,48,37,0,47,kha
0,8,86,121,48,33,0,47,kha
0,8,84,121,48,33,0,47,kha
0,8,85,121,48,33,0,46,kha
0,6,85,121,52,33,0,47,kha
0,5,86,121,52,30,0,47,kha
0,5,86,121,52,30,0,49,kha
0,6,86,121,54,30,0,47,kha
0,6,87,121,54,30,0,47,kha
0,6,87,121,54,30,0,49,kha
0,6,87,122,52,29,0,51,kha
0,6,87,122,50,29,0,51,kha
0,6,89,122,50,30,0,51,kha
0,9,89,123,48,30,0,52,kha
0,9,89,123,47,29,0,51,kha
0,11,90,122,48,30,0,51,kha
0,12,90,123,48,30,0,51,kha
0,13,90,123,48,30,0,49,kha
0,13,90,122,48,30,0,49,kha
0,13,90,122,48,32,0,49,kha
0,15,90,122,50,32,0,49,kha
0,16,90,122,48,32,0,49,kha
0,16,89,122,48,32,0,49,kha
0,15,89,122,50,32,0,47,kha
0,16,89,122,50,32,0,46,kha
0,15,88,122,50,32,0,46,kha
0,15,88,121,48,30,0,47,kha
0,15,89,121,48,30,0,47,kha
0,16,89,122,48,30,0,44,kha
0,15,89,123,48,33,0,44,kha
0,16,89,122,48,33,0,42,kha
0,15,89,122,52,33,0,42,kha
0,13,89,122,50,33,0,42,kha
0,13,89,122,52,33,0,42,kha
0,13,89,122,50,33,0,46,kha
0,13,89,122,50,33,0,44,kha
0,13,89,122,50,33,0,44,kha
0,13,89,122,48,33,0,44,kha
0,12,89,122,50,33,0,47,kha
0,9,89,121,50,33,0,47,kha
0,8,89,121,48,33,0,46,kha
0,9,89,121,48,33,0,44,kha
0,9,89,121,48,33,0,44,kha
0,8,89,121,48,33,0,46,kha
0,8,89,121,50,33,0,42,kha
0,8,89,121,50,33,0,44,kha
0,6,89,121,50,32,0,44,kha
0,6,90,121,52,32,0,39,kha
0,5,90,121,52,32,0,37,kha
0,9,91,121,52,29,0,37,kha
0,11,92,121,52,29,0,39,kha
0,11,92,121,54,29,0,31,kha
0,9,93,122,54,29,0,31,kha
0,8,93,122,54,30,0,33,kha
0,9,94,122,52,30,0,33,kha
0,8,94,121,52,30,0,33,kha
0,9,94,122,52,32,0,33,kha
0,9,94,122,54,30,0,37,kha
0,9,93,122,54,30,0,39,kha
0,9,93,122,54,30,0,41,kha
0,8,93,122,54,30,0,39,kha
0,8,93,122,52,30,0,49,kha
0,8,91,121,50,30,0,47,kha
0,8,91,121,50,33,0,47,kha
0,6,91,121,52,32,0,47,kha
0,6,90,121,52,32,0,47,kha
0,6,91,121,52,32,0,47,kha
0,6,90,121,52,33,0,49,kha
0,5,90,121,52,33,0,51,kha
0,6,90,121,57,33,0,49,kha
0,6,90,121,57,34,0,51,kha
0,9,90,121,59,34,0,49,kha
0,11,92,121,59,34,0,51,kha
0,11,91,122,59,32,0,57,kha
0,12,91,122,57,33,0,57,kha
0,12,91,122,57,33,0,57,kha
0,13,91,122,57,33,0,57,kha
0,13,91,121,57,33,0,56,kha
0,15,91,122,55,33,0,54,kha
0,15,91,122,50,33,0,54,kha
0,13,91,122,52,33,0,54,kha
0,11,91,122,54,32,0,54,kha
0,12,91,122,54,30,0,56,kha
0,13,91,121,54,30,0,49,kha
0,13,92,121,54,30,0,47,kha
0,13,91,122,54,30,0,47,kha
0,13,92,122,55,30,0,49,kha
0,13,91,122,55,29,0,51,kha
0,13,91,122,55,30,0,49,kha
0,12,91,122,55,30,0,49,kha
0,13,91,122,54,29,0,51,kha
0,13,91,122,54,32,0,51,kha
0,13,90,122,52,32,0,51,kha
0,12,91,122,52,32,0,49,kha
0,11,90,122,52,32,0,42,kha
0,12,90,121,52,32,0,42,kha
0,11,90,121,52,32,0,41,kha
0,11,90,121,52,32,0,41,kha
0,11,91,121,52,32,0,41,kha
0,11,91,121,52,32,0,41,kha
0,9,91,121,52,33,0,41,kha
0,9,91,121,52,33,0,41,kha
0,9,90,121,52,30,0,41,kha
0,11,90,121,54,30,0,41,kha
0,11,90,121,54,30,0,49,kha
0,9,90,121,59,30,0,49,kha
0,11,90,121,59,30,0,49,kha
0,11,90,121,57,29,0,51,kha
0,11,90,121,57,29,0,51,kha
0,12,90,121,57,29,0,51,kha
0,13,90,121,57,29,0,49,kha
0,15,90,121,57,29,0,49,kha
0,15,90,122,57,33,0,47,kha
0,15,90,121,57,32,0,47,kha
0,15,90,121,57,32,0,49,kha
0,15,90,122,50,32,0,51,kha
38,9,10,21,20,15,19,39,ga
34,6,10,18,16,15,17,37,ga
32,4,10,14,10,14,12,36,ga
25,1,8,12,6,14,9,32,ga
20,1,8,8,5,14,6,29,ga
16,0,6,6,1,11,3,29,ga
9,0,4,3,1,10,0,26,ga
4,0,1,1,0,10,0,26,ga
0,0,0,1,0,8,0,26,ga
0,0,0,6,5,8,0,26,ga
0,0,0,17,11,8,0,26,ga
0,0,0,32,22,10,0,29,ga
0,0,0,47,33,14,0,34,ga
0,0,9,62,42,19,0,39,ga
0,0,21,77,52,25,0,45,ga
0,0,33,93,62,30,0,52,ga
0,0,45,108,74,37,0,60,ga
0,0,56,124,81,42,0,67,ga
0,0,68,138,88,47,3,73,ga
6,0,79,148,91,53,6,78,ga
18,0,90,152,91,59,11,83,ga
27,0,100,151,89,61,16,87,ga
38,0,105,151,86,61,24,88,ga
50,0,104,151,84,60,25,88,ga
64,0,103,150,83,59,27,87,ga
70,0,101,149,81,57,30,87,ga
77,0,100,147,76,56,32,85,ga
82,0,100,146,76,55,33,83,ga
82,0,99,144,74,55,33,83,ga
86,0,98,143,74,51,33,83,ga
86,0,98,143,74,50,35,83,ga
86,0,98,142,73,50,35,82,ga
84,0,98,141,73,51,33,80,ga
84,0,97,140,73,48,35,82,ga
82,0,97,139,71,48,35,82,ga
80,0,96,138,69,47,36,80,ga
80,0,96,138,69,47,36,78,ga
80,0,96,138,69,47,35,78,ga
77,0,95,138,69,47,36,78,ga
77,0,94,137,67,50,36,78,ga
77,0,94,137,62,50,38,78,ga
77,0,94,137,62,50,38,78,ga
80,0,93,136,61,48,38,78,ga
77,0,93,137,59,51,38,77,ga
77,0,92,136,59,50,38,78,ga
77,0,92,136,59,50,36,77,ga
77,0,92,136,59,50,36,78,ga
80,0,92,134,61,48,36,80,ga
80,0,92,135,61,44,36,80,ga
80,0,91,134,52,44,36,80,ga
80,0,91,134,57,44,36,80,ga
77,0,91,134,57,44,36,75,ga
73,0,90,133,59,42,35,75,ga
73,0,90,133,59,42,33,75,ga
73,0,90,133,59,42,33,75,ga
73,0,90,133,61,41,33,75,ga
73,0,90,133,61,41,32,75,ga
73,0,90,132,57,41,32,75,ga
70,0,89,132,57,43,32,75,ga
68,0,90,131,67,43,33,75,ga
68,0,90,131,66,39,32,75,ga
66,0,90,131,62,39,30,80,ga
68,0,90,131,62,42,30,80,ga
70,0,90,130,62,41,32,80,ga
70,0,90,129,64,42,32,80,ga
68,0,90,129,64,43,32,80,ga
66,0,91,129,61,44,32,80,ga
66,0,91,129,62,44,30,78,ga
66,0,91,129,61,44,30,80,ga
68,0,91,129,59,43,28,80,ga
68,0,91,129,57,47,30,80,ga
68,0,91,129,61,46,32,78,ga
68,0,90,129,59,44,28,78,ga
66,0,91,129,59,44,28,78,ga
68,0,90,129,59,43,28,77,ga
66,0,90,129,59,43,28,77,ga
66,0,90,128,61,42,28,78,ga
64,0,89,128,61,42,30,77,ga
68,0,89,128,62,42,28,77,ga
66,0,89,128,62,43,28,77,ga
68,0,89,127,64,43,28,77,ga
66,0,89,127,64,42,28,77,ga
64,0,89,127,64,43,30,77,ga
66,0,88,128,66,43,28,75,ga
64,0,88,128,64,43,27,77,ga
64,0,88,128,62,42,27,77,ga
66,0,88,128,62,42,27,77,ga
66,0,87,128,62,42,25,77,ga
66,0,87,128,62,42,27,75,ga
66,0,87,127,61,42,27,75,ga
61,0,88,127,61,42,27,75,ga
61,0,88,127,61,42,25,75,ga
64,0,88,127,61,42,27,77,ga
64,0,89,126,61,41,27,77,ga
64,0,89,127,61,41,28,77,ga
66,0,88,126,61,41,28,77,ga
66,0,88,126,61,42,32,77,ga
66,0,89,126,61,42,32,80,ga
66,0,89,126,59,42,35,78,ga
68,0,88,127,59,42,33,78,ga
70,0,87,127,59,42,35,78,ga
70,0,87,127,59,42,36,78,ga
70,0,87,127,57,42,36,78,ga
70,0,87,126,59,42,35,77,ga
68,0,87,128,59,42,35,77,ga
68,0,87,128,61,43,35,77,ga
66,0,87,128,61,42,33,75,ga
68,0,87,128,61,42,33,75,ga
68,0,88,128,62,43,30,77,ga
70,0,88,128,62,43,28,75,ga
68,0,87,127,62,41,27,75,ga
70,0,87,127,61,41,27,72,ga
70,0,87,127,62,41,27,72,ga
75,0,87,127,62,41,28,72,ga
75,0,86,124,61,41,27,73,ga
80,0,86,125,59,41,25,73,ga
82,0,85,125,59,41,27,73,ga
84,0,85,125,57,41,24,73,ga
82,0,85,125,56,41,24,72,ga
82,0,85,125,57,39,24,72,ga
82,0,85,125,57,41,25,73,ga
84,0,85,125,57,41,25,73,ga
84,0,84,125,57,41,24,73,ga
86,0,84,125,57,41,24,73,ga
86,0,84,125,57,41,24,73,ga
86,0,85,125,59,41,25,73,ga
86,0,85,125,59,41,24,73,ga
84,0,85,124,59,41,25,73,ga
82,0,85,124,61,39,25,73,ga
82,0,85,123,59,39,27,75,ga
84,0,85,123,57,38,25,75,ga
84,0,85,123,57,38,25,77,ga
84,0,85,124,57,38,25,75,ga
82,0,85,124,56,38,25,73,ga
84,0,85,124,56,38,25,75,ga
82,0,84,124,56,39,24,75,ga
82,0,84,124,56,39,24,73,ga
84,0,84,124,56,39,25,73,ga
86,0,84,124,56,41,25,73,ga
84,0,83,124,56,41,25,73,ga
82,0,83,124,56,41,25,72,ga
82,0,83,124,56,41,25,73,ga
82,0,83,124,56,41,25,72,ga
82,0,83,124,57,41,25,73,ga
80,0,83,123,57,41,27,73,ga
82,0,83,123,57,41,27,72,ga
84,0,83,123,57,41,27,77,ga
80,0,83,123,57,41,25,77,ga
80,0,83,126,57,41,25,77,ga
80,0,83,126,57,39,25,77,ga
82,0,83,125,59,41,25,78,ga
82,0,83,125,61,41,25,78,ga
80,0,84,125,61,41,25,80,ga
82,0,84,125,61,41,25,80,ga
82,0,83,126,61,41,28,80,ga
80,0,83,126,61,42,27,80,ga
80,0,84,126,62,42,28,77,ga
80,0,84,127,64,42,30,75,ga
80,0,84,124,62,42,30,73,ga
73,0,84,124,64,42,30,75,ga
70,0,84,124,62,42,30,75,ga
73,0,83,124,62,43,30,73,ga
73,0,83,124,61,42,28,73,ga
70,0,83,125,61,42,28,73,ga
70,0,84,125,61,42,27,73,ga
70,0,84,125,61,42,25,75,ga
70,0,83,124,61,42,25,75,ga
70,0,82,124,56,41,25,75,ga
68,0,82,124,56,38,24,73,ga
75,0,83,124,54,38,24,73,ga
75,0,82,124,56,38,24,73,ga
80,0,83,124,54,38,24,75,ga
77,0,83,124,56,38,24,75,ga
80,0,82,124,56,38,24,75,ga
80,0,82,124,54,37,22,73,ga
80,0,82,124,54,37,24,72,ga
80,0,82,124,52,37,22,70,ga
80,0,84,123,56,37,22,72,ga
80,0,83,123,56,39,22,72,ga
80,0,83,124,56,39,22,72,ga
80,0,83,124,56,39,22,70,ga
75,0,83,124,56,38,22,70,ga
77,0,83,124,54,38,24,68,ga
77,0,83,125,54,41,24,70,ga
77,0,83,124,54,41,25,70,ga
77,0,83,124,59,41,24,70,ga
75,0,83,124,59,39,25,72,ga
75,0,83,124,57,39,25,70,ga
75,0,83,125,57,38,25,73,ga
70,0,83,125,57,38,25,73,ga
70,0,83,125,59,38,25,73,ga
68,0,83,124,59,38,24,72,ga
68,0,83,124,59,38,22,72,ga
68,0,83,125,59,37,22,72,ga
68,0,83,125,59,37,19,72,ga
66,0,83,125,54,38,20,72,ga
68,0,84,124,54,38,20,72,ga
68,0,83,124,56,38,22,72,ga
68,0,83,124,57,41,20,72,ga
70,0,83,124,57,41,22,72,ga
73,0,82,124,57,41,22,72,ga
75,0,82,125,57,41,19,72,ga
75,0,82,125,59,41,19,72,ga
75,0,81,124,59,42,19,73,ga
75,0,81,124,61,42,20,72,ga
77,0,81,124,61,41,20,72,ga
75,0,81,124,57,41,20,72,ga
77,0,81,125,56,41,20,72,ga
77,0,82,125,56,38,20,70,ga
77,0,83,124,54,37,20,70,ga
77,0,83,124,54,37,20,70,ga
77,0,83,124,54,37,27,72,ga
77,0,83,124,54,35,25,72,ga
77,0,83,124,56,35,27,72,ga
75,0,83,125,56,35,25,72,ga
73,0,83,125,56,37,25,72,ga
75,0,83,124,59,37,25,72,ga
75,0,83,124,61,37,25,73,ga
75,0,82,124,61,37,25,73,ga
75,0,82,125,61,39,25,73,ga
75,0,81,125,61,39,25,73,ga
75,0,81,125,59,39,24,72,ga
77,0,81,125,59,41,27,72,ga
77,0,82,125,59,41,27,70,ga
77,0,82,125,59,41,27,70,ga
77,0,82,125,59,41,27,70,ga
77,0,82,125,59,42,27,70,ga
80,0,83,124,59,42,25,68,ga
77,0,84,124,57,42,25,67,ga
77,0,84,124,57,42,25,67,ga
77,0,84,124,57,42,27,70,ga
75,0,83,124,59,41,25,68,ga
73,0,83,123,59,41,25,68,ga
73,0,83,123,57,41,24,70,ga
73,0,83,122,56,39,24,70,ga
80,0,83,123,56,39,24,70,ga
80,0,83,123,56,38,24,70,ga
77,0,81,123,56,37,25,72,ga
77,0,81,123,56,37,25,73,ga
82,0,81,123,57,37,24,73,ga
80,0,81,123,57,34,24,72,ga
80,0,81,123,57,34,25,72,ga
80,0,81,123,57,34,24,73,ga
80,0,82,123,59,34,27,73,ga
80,0,83,123,57,34,27,72,ga
73,0,82,123,57,34,27,72,ga
77,0,82,124,56,34,25,72,ga
75,0,83,123,57,34,24,70,ga
75,0,83,123,57,34,27,70,ga
73,0,83,124,57,34,28,70,ga
75,0,82,124,57,38,27,70,ga
75,0,82,124,56,37,27,72,ga
75,0,82,124,56,37,27,73,ga
75,0,81,124,54,37,24,73,ga
75,0,81,124,57,38,24,75,ga
75,0,81,125,57,39,25,75,ga
70,0,81,124,59,39,24,77,ga
70,0,81,123,57,39,24,77,ga
70,0,81,123,57,39,19,78,ga
70,0,81,123,52,39,17,78,ga
70,0,82,123,50,39,17,77,ga
73,0,81,122,52,39,17,75,ga
73,0,81,123,52,39,17,75,ga
66,0,81,122,56,39,16,72,ga
68,0,81,122,56,38,17,72,ga
68,0,81,121,52,37,16,72,ga
68,0,81,121,50,38,16,72,ga
70,0,81,123,50,38,17,72,ga
70,0,81,123,50,38,17,70,ga
70,0,81,123,56,38,19,70,ga
68,0,81,123,56,39,22,72,ga
66,0,81,123,54,39,22,72,ga
66,0,81,122,54,39,20,70,ga
70,0,81,122,50,41,20,72,ga
68,0,81,122,49,41,20,72,ga
66,0,81,122,50,41,22,72,ga
66,0,81,122,50,39,24,72,ga
66,0,81,123,54,39,20,72,ga
64,0,81,123,54,39,24,72,ga
64,0,81,123,54,41,24,72,ga
66,0,81,122,54,39,20,67,ga
68,0,80,122,50,41,20,65,ga
66,0,81,122,50,39,20,65,ga
68,0,81,122,52,39,20,64,ga
66,0,81,122,52,39,19,64,ga
66,0,81,123,52,38,19,65,ga
68,0,81,122,52,39,19,64,ga
68,0,81,123,50,38,19,64,ga
70,0,81,123,50,39,20,65,ga
73,0,81,122,52,38,20,65,ga
68,0,81,123,52,38,19,64,ga
68,0,81,122,54,37,17,70,ga
66,0,81,122,54,38,17,70,ga
66,0,80,122,52,38,16,72,ga
68,0,80,122,52,37,17,70,ga
68,0,80,122,52,38,17,68,ga
66,0,80,122,52,38,19,70,ga
66,0,80,122,54,35,19,70,ga
64,0,80,122,52,35,17,65,ga
64,0,81,121,52,35,17,64,ga
68,0,81,121,52,35,19,68,ga
66,0,81,121,52,35,22,62,ga
68,0,81,122,52,35,22,62,ga
68,0,81,121,54,35,24,60,ga
66,0,81,122,54,35,22,62,ga
66,0,82,123,54,35,24,62,ga
59,0,82,123,54,34,24,60,ga
59,0,82,123,52,37,24,60,ga
61,0,82,123,56,38,24,64,ga
54,0,81,123,56,37,24,64,ga
54,0,81,123,54,37,22,65,ga
52,0,81,123,54,37,20,65,ga
54,0,81,123,54,37,20,65,ga
57,0,81,123,54,37,20,67,ga
59,0,81,120,54,37,20,65,ga
59,0,81,120,54,38,17,67,ga
66,0,81,120,54,41,19,67,ga
64,0,81,120,54,41,17,67,ga
64,0,81,120,52,39,17,67,ga
68,0,81,121,52,41,17,68,ga
68,0,81,120,52,41,19,70,ga
70,0,81,120,52,41,20,68,ga
70,0,81,119,52,41,20,68,ga
68,0,81,120,52,41,20,70,ga
70,0,81,122,54,41,20,72,ga
70,0,80,122,54,41,22,70,ga
73,0,80,123,54,38,20,70,ga
77,0,80,123,56,38,22,70,ga
75,0,79,123,56,38,20,68,ga
73,0,79,123,54,37,20,68,ga
73,0,79,123,54,38,22,68,ga
73,0,80,123,56,38,22,70,ga
73,0,80,123,56,38,22,70,ga
70,0,80,122,56,38,22,70,ga
70,0,80,122,54,38,22,70,ga
68,0,80,122,56,38,22,70,ga
68,0,80,122,54,38,22,70,ga
68,0,80,122,54,38,20,72,ga
68,0,80,122,52,38,22,72,ga
70,0,80,122,56,38,19,72,ga
70,0,80,122,56,38,19,68,ga
68,0,80,122,54,38,19,68,ga
68,0,79,122,56,38,19,68,ga
70,0,80,123,56,39,19,67,ga
70,0,79,122,56,38,19,67,ga
70,0,79,123,56,39,19,70,ga
75,0,80,123,56,39,19,70,ga
75,0,80,122,57,41,20,70,ga
75,0,81,122,56,41,20,70,ga
75,0,80,122,56,41,22,70,ga
75,0,80,122,56,41,22,72,ga
77,0,80,122,56,41,24,72,ga
77,0,80,121,56,41,24,72,ga
77,0,79,121,54,39,22,72,ga
75,0,80,121,54,39,22,72,ga
77,0,79,121,54,38,20,70,ga
73,0,79,121,54,38,22,68,ga
70,0,79,121,57,37,20,68,ga
73,0,79,121,57,37,19,68,ga
70,0,79,121,59,37,19,68,ga
68,0,79,121,57,35,19,68,ga
70,0,80,121,57,35,19,67,ga
68,0,80,121,59,35,19,65,ga
70,0,80,122,59,37,20,65,ga
73,0,80,121,59,35,19,65,ga
70,0,80,121,59,35,20,65,ga
70,0,80,122,59,35,19,65,ga
73,0,80,121,54,35,20,64,ga
73,0,80,121,54,35,20,64,ga
73,0,79,121,54,35,19,62,ga
75,0,79,121,61,35,19,60,ga
73,0,79,121,61,35,19,62,ga
75,0,79,121,61,35,17,65,ga
73,0,79,121,59,37,17,65,ga
73,0,79,121,61,38,19,67,ga
70,0,79,121,59,38,19,68,ga
70,0,79,121,57,39,19,68,ga
70,0,80,121,57,39,19,68,ga
70,0,79,121,57,39,19,70,ga
73,0,79,121,61,39,20,68,ga
73,0,79,121,54,41,22,68,ga
75,0,80,121,54,41,22,68,ga
75,0,80,121,54,39,28,67,ga
75,0,80,121,56,38,28,65,ga
73,0,80,122,54,38,28,67,ga
75,0,80,122,54,38,27,65,ga
75,0,79,121,56,38,27,65,ga
75,0,79,121,54,38,25,64,ga
73,0,79,121,54,38,24,64,ga
70,0,80,121,50,38,24,67,ga
68,0,80,120,50,37,24,67,ga
70,0,79,120,56,37,24,67,ga
68,0,79,120,56,37,16,68,ga
68,0,79,120,56,37,16,68,ga
66,0,79,120,56,37,16,62,ga
66,0,79,120,57,37,16,64,ga
66,0,79,120,57,37,16,62,ga
64,0,79,118,57,37,17,64,ga
68,0,79,118,57,37,17,64,ga
66,0,79,119,59,37,16,65,ga
68,0,79,119,59,37,17,65,ga
66,0,79,120,52,37,17,65,ga
68,0,79,120,52,37,19,65,ga
68,0,79,120,54,37,19,67,ga
70,0,79,122,54,37,19,70,ga
70,0,78,121,54,37,20,70,ga
70,0,78,121,54,37,19,70,ga
59,0,78,123,54,37,19,68,ga
59,0,78,124,56,37,20,70,ga
59,0,78,123,56,37,22,68,ga
59,0,79,123,56,37,20,68,ga
59,0,78,123,56,37,20,68,ga
57,0,78,123,57,37,20,68,ga
59,0,79,123,54,37,20,73,ga
57,0,78,121,52,37,20,73,ga
57,0,79,121,52,37,20,73,ga
57,0,78,121,52,37,19,73,ga
66,0,79,122,52,37,20,73,ga
64,0,78,122,50,37,17,73,ga
66,0,78,122,52,37,17,73,ga
66,0,78,121,52,37,17,73,ga
66,0,78,121,50,37,19,72,ga
68,0,78,121,50,37,19,70,ga
68,0,78,121,50,37,16,64,ga
68,0,78,121,54,37,16,62,ga
66,0,78,121,52,37,14,62,ga
68,0,78,121,54,38,14,64,ga
68,0,77,121,54,38,14,64,ga
75,0,79,121,54,38,16,64,ga
75,0,79,121,54,38,16,64,ga
75,0,79,121,54,37,16,65,ga
77,0,79,122,54,37,14,67,ga
77,0,79,121,54,37,11,67,ga
75,0,80,121,52,37,14,67,ga
80,0,80,121,50,37,14,67,ga
80,0,81,121,52,37,14,67,ga
75,0,81,121,50,35,16,67,ga
75,0,81,121,50,35,14,67,ga
73,0,79,121,50,37,14,67,ga
70,0,79,120,50,37,14,67,ga
70,0,79,121,54,37,14,65,ga
68,0,79,120,54,37,14,64,ga
68,0,80,120,54,37,17,64,ga
68,0,79,121,54,37,17,62,ga
66,0,79,121,54,37,17,64,ga
68,0,79,121,54,37,17,65,ga
68,0,80,121,54,37,19,64,ga
70,0,80,120,54,37,19,64,ga
70,0,80,121,54,37,17,64,ga
77,0,80,121,56,37,19,65,ga
77,0,80,121,52,37,17,65,ga
77,0,79,121,52,37,17,65,ga
75,0,80,122,54,37,17,67,ga
75,0,79,120,54,37,16,67,ga
75,0,79,120,56,37,19,72,ga
73,0,79,120,57,37,19,72,ga
75,0,78,120,57,37,17,72,ga
73,0,78,119,57,35,19,68,ga
73,0,78,119,57,35,20,67,ga
64,0,78,119,56,35,22,67,ga
64,0,77,119,56,35,22,65,ga
64,0,78,119,56,35,22,65,ga
61,0,77,118,52,35,22,67,ga
64,0,77,119,52,35,22,65,ga
64,0,77,119,52,34,22,60,ga
64,0,77,119,52,34,22,60,ga
64,0,77,118,50,34,24,62,ga
64,0,77,119,50,34,22,65,ga
64,0,77,119,50,34,22,65,ga
64,0,77,119,50,34,20,67,ga
61,0,77,119,50,34,20,72,ga
64,0,76,120,50,34,19,70,ga
66,0,77,120,50,34,19,70,ga
66,0,76,120,50,34,19,72,ga
66,0,77,120,50,35,17,70,ga
66,0,77,120,50,37,17,70,ga
66,0,77,120,50,37,17,72,ga
66,0,77,120,52,37,19,72,ga
68,0,77,120,47,37,20,72,ga
70,0,79,120,47,37,20,72,ga
73,0,79,120,47,37,20,67,ga
73,0,79,120,47,37,20,68,ga
70,0,78,120,47,38,20,65,ga
70,0,79,120,47,38,20,67,ga
68,0,79,120,47,38,19,67,ga
68,0,79,120,49,38,17,67,ga
70,0,79,121,49,38,17,68,ga
70,0,79,121,49,38,16,68,ga
68,0,78,121,54,38,16,70,ga
66,0,77,121,54,37,16,70,ga
66,0,77,121,54,37,16,68,ga
64,0,77,121,54,37,17,67,ga
66,0,77,120,54,37,16,67,ga
64,0,77,120,54,37,16,65,ga
68,0,77,120,54,37,16,67,ga
66,0,77,120,54,37,17,67,ga
68,0,77,119,54,35,16,65,ga
70,0,77,119,57,35,16,64,ga
73,0,77,121,57,35,16,64,ga
73,0,78,121,57,35,16,62,ga
0,20,0,0,0,11,75,1,gha
0,18,0,0,0,11,73,1,gha
0,16,0,0,0,11,72,1,gha
0,15,0,0,0,11,68,3,gha
0,13,0,0,0,11,65,3,gha
0,12,0,0,0,11,64,3,gha
0,11,0,0,0,11,62,1,gha
0,8,0,0,0,10,59,1,gha
0,8,0,0,0,8,57,0,gha
0,6,0,0,0,8,56,0,gha
0,5,0,0,0,11,57,0,gha
0,5,0,0,0,11,57,0,gha
0,5,0,0,0,11,57,0,gha
0,5,0,0,0,10,57,0,gha
0,4,0,0,0,8,57,0,gha
0,2,0,0,0,7,57,0,gha
0,1,0,0,0,7,57,0,gha
0,2,0,0,0,10,56,0,gha
0,1,0,0,0,10,57,0,gha
0,0,0,0,0,10,56,0,gha
0,1,0,0,0,10,54,0,gha
0,1,0,0,0,10,54,0,gha
0,1,0,0,0,7,54,0,gha
0,0,0,0,0,7,54,0,gha
0,2,0,0,0,8,54,0,gha
0,2,0,0,0,8,54,0,gha
0,2,0,0,0,7,52,0,gha
0,2,0,0,0,7,52,0,gha
0,2,0,0,0,7,52,0,gha
0,4,0,0,0,7,52,0,gha
0,4,0,0,0,7,54,0,gha
0,2,0,0,0,7,49,0,gha
0,4,0,0,0,10,49,0,gha
0,4,0,0,0,8,51,0,gha
0,4,0,0,0,10,51,0,gha
0,4,0,0,0,10,51,0,gha
0,5,0,0,0,11,52,0,gha
0,5,0,0,0,11,52,0,gha
0,4,0,0,0,11,54,0,gha
0,4,0,0,0,11,54,0,gha
0,4,0,0,0,11,52,0,gha
0,4,0,0,0,11,56,0,gha
0,4,0,0,0,11,56,0,gha
0,4,0,0,0,11,57,0,gha
0,4,0,0,0,11,57,0,gha
0,4,0,0,0,11,59,0,gha
0,4,0,0,0,11,57,0,gha
0,2,0,0,0,11,57,0,gha
0,2,0,0,0,11,56,0,gha
0,2,0,0,0,11,56,0,gha
0,2,0,0,0,11,56,0,gha
0,2,0,0,0,11,54,0,gha
0,2,0,0,0,11,54,0,gha
0,2,0,0,0,11,54,0,gha
0,1,0,0,0,11,54,0,gha
0,1,0,0,0,10,52,0,gha
0,1,0,0,0,10,51,0,gha
0,1,0,0,0,10,52,0,gha
0,2,0,0,0,10,52,0,gha
0,2,0,0,0,10,52,0,gha
0,2,0,0,0,10,51,0,gha
0,2,0,0,0,10,52,0,gha
0,2,0,0,0,8,51,0,gha
0,5,0,0,0,8,51,0,gha
0,5,0,0,0,8,51,0,gha
0,5,0,0,0,11,52,0,gha
0,5,0,0,0,10,54,0,gha
0,5,0,0,0,11,54,0,gha
0,4,0,0,0,10,54,0,gha
0,4,0,0,0,10,54,0,gha
0,4,0,0,0,10,54,0,gha
0,4,0,0,0,10,54,0,gha
0,4,0,0,0,11,54,0,gha
0,2,0,0,0,6,52,0,gha
0,1,0,0,0,6,52,0,gha
0,1,0,0,0,6,52,0,gha
0,1,0,0,0,7,49,0,gha
0,1,0,0,0,7,49,0,gha
0,0,0,0,0,7,49,0,gha
0,0,0,0,0,7,48,0,gha
0,0,0,0,0,6,49,0,gha
0,0,0,0,0,6,51,0,gha
0,0,0,0,0,6,51,0,gha
0,0,0,0,0,11,51,0,gha
0,0,0,0,0,10,49,0,gha
0,0,0,0,0,10,51,0,gha
0,0,0,0,0,10,51,0,gha
0,0,0,0,0,10,49,0,gha
0,1,0,0,0,10,49,0,gha
0,0,0,0,0,10,51,0,gha
0,0,0,0,0,10,51,0,gha
0,0,0,0,0,10,49,0,gha
0,0,0,0,0,10,49,0,gha
0,0,0,0,0,10,49,0,gha
0,0,0,0,0,11,51,0,gha
0,0,0,0,0,11,51,0,gha
0,1,0,0,0,11,51,0,gha
0,1,0,0,0,11,51,0,gha
0,1,0,0,0,16,51,0,gha
0,2,0,0,0,15,51,0,gha
0,2,0,0,0,15,52,0,gha
0,2,0,0,0,17,52,0,gha
0,6,0,0,0,17,51,0,gha
0,8,0,0,0,16,52,0,gha
0,8,0,0,0,16,52,0,gha
0,8,0,0,0,17,48,0,gha
0,6,0,0,0,16,49,0,gha
0,6,0,0,0,17,49,0,gha
0,5,0,0,0,12,49,0,gha
0,5,0,0,0,14,49,0,gha
0,6,0,0,0,14,48,0,gha
0,5,0,0,0,11,48,0,gha
0,2,0,0,0,11,48,0,gha
0,1,0,0,0,11,48,0,gha
0,1,0,0,0,12,48,0,gha
0,2,0,0,0,11,52,0,gha
0,2,0,0,0,11,49,0,gha
0,0,0,0,0,11,49,0,gha
0,0,0,0,0,11,49,0,gha
0,0,0,0,0,10,49,0,gha
0,0,0,0,0,10,48,0,gha
0,0,0,0,0,10,48,0,gha
0,0,0,0,0,10,49,0,gha
0,0,0,0,0,10,49,0,gha
0,0,0,0,0,10,51,0,gha
0,0,0,0,0,10,49,0,gha
0,0,0,0,0,10,51,0,gha
0,1,0,0,0,10,51,0,gha
0,1,0,0,0,8,51,0,gha
0,1,0,0,0,8,51,0,gha
0,1,0,0,0,7,51,0,gha
0,1,0,0,0,8,51,0,gha
0,1,0,0,0,7,51,0,gha
0,1,0,0,0,7,49,0,gha
0,1,0,0,0,7,49,0,gha
0,1,0,0,0,6,51,0,gha
0,1,0,0,0,5,51,0,gha
0,1,0,0,0,5,51,0,gha
0,1,0,0,0,5,49,0,gha
0,1,0,0,0,5,51,0,gha
0,1,0,0,0,5,51,0,gha
0,1,0,0,0,3,51,0,gha
0,0,0,0,0,5,51,0,gha
0,0,0,0,0,5,51,0,gha
0,0,0,0,0,5,51,0,gha
0,0,0,0,0,5,51,0,gha
0,0,0,0,0,5,48,0,gha
0,0,0,0,0,5,49,0,gha
0,0,0,0,0,6,49,0,gha
0,0,0,0,0,2,49,0,gha
0,0,0,0,0,2,49,0,gha
0,1,0,0,0,3,49,0,gha
0,1,0,0,0,2,48,0,gha
0,0,0,0,0,2,49,0,gha
0,0,0,0,0,1,48,0,gha
0,0,0,0,0,0,41,0,gha
0,0,0,0,0,0,43,0,gha
0,0,0,0,0,0,43,0,gha
0,0,0,0,0,0,43,0,gha
0,0,0,0,0,2,43,0,gha
0,0,0,0,0,1,44,0,gha
0,0,0,0,0,2,44,0,gha
0,0,0,0,0,5,44,0,gha
0,0,0,0,0,3,43,0,gha
0,0,0,0,0,6,44,0,gha
0,0,0,0,0,7,49,0,gha
0,0,0,0,0,8,49,0,gha
0,0,0,0,0,7,51,0,gha
0,0,0,0,0,8,49,0,gha
0,0,0,0,0,8,49,0,gha
0,0,0,0,0,8,49,0,gha
0,0,0,0,0,8,49,0,gha
0,0,0,0,0,8,51,0,gha
0,0,0,0,0,8,51,0,gha
0,0,0,0,0,8,51,0,gha
0,0,0,0,0,6,52,0,gha
0,0,0,0,0,6,52,0,gha
0,0,0,0,0,5,51,0,gha
0,0,0,0,0,5,51,0,gha
0,0,0,0,0,6,51,0,gha
0,0,0,0,0,6,49,0,gha
0,0,0,0,0,6,49,0,gha
0,0,0,0,0,6,46,0,gha
0,0,0,0,0,6,46,0,gha
0,0,0,0,0,6,43,0,gha
0,0,0,0,0,8,43,0,gha
0,0,0,0,0,7,43,0,gha
0,0,0,0,0,7,43,0,gha
0,0,0,0,0,7,43,0,gha
0,0,0,0,0,10,44,0,gha
0,0,0,0,0,8,44,0,gha
0,0,0,0,0,8,46,0,gha
0,0,0,0,0,10,46,0,gha
0,0,0,0,0,10,44,0,gha
0,0,0,0,0,8,48,0,gha
0,0,0,0,0,8,43,0,gha
0,0,0,0,0,10,43,0,gha
0,1,0,0,0,10,43,0,gha
0,1,0,0,0,11,40,0,gha
0,1,0,0,0,8,40,0,gha
0,2,0,0,0,8,41,0,gha
0,1,0,0,0,8,41,0,gha
0,1,0,0,0,8,43,0,gha
0,1,0,0,0,7,44,0,gha
0,1,0,0,0,7,44,0,gha
0,2,0,0,0,7,48,0,gha
0,2,0,0,0,7,49,0,gha
0,2,0,0,0,7,49,0,gha
0,4,0,0,0,7,51,0,gha
0,4,0,0,0,8,51,0,gha
0,4,0,0,0,7,51,0,gha
0,4,0,0,0,6,48,0,gha
0,2,0,0,0,5,49,0,gha
0,2,0,0,0,5,49,0,gha
0,2,0,0,0,6,49,0,gha
0,0,0,0,0,6,49,0,gha
0,1,0,0,0,6,51,0,gha
0,1,0,0,0,5,51,0,gha
0,0,0,0,0,6,52,0,gha
0,0,0,0,0,5,52,0,gha
0,0,0,0,0,6,52,0,gha
0,0,0,0,0,7,54,0,gha
0,0,0,0,0,8,54,0,gha
0,1,0,0,0,8,54,0,gha
0,1,0,0,0,8,52,0,gha
0,1,0,0,0,8,54,0,gha
0,1,0,0,0,8,52,0,gha
0,1,0,0,0,8,52,0,gha
0,1,0,0,0,8,52,0,gha
0,1,0,0,0,8,52,0,gha
0,1,0,0,0,8,52,0,gha
0,1,0,0,0,8,52,0,gha
0,1,0,0,0,8,52,0,gha
0,1,0,0,0,8,52,0,gha
0,1,0,0,0,8,52,0,gha
0,1,0,0,0,8,52,0,gha
0,1,0,0,0,8,52,0,gha
0,1,0,0,0,10,51,0,gha
0,1,0,0,0,8,51,0,gha
0,1,0,0,0,10,51,0,gha
0,1,0,0,0,8,51,0,gha
0,1,0,0,0,8,51,0,gha
0,1,0,0,0,8,51,0,gha
0,0,0,0,0,8,51,0,gha
0,0,0,0,0,8,51,0,gha
0,0,0,0,0,7,49,0,gha
0,0,0,0,0,7,49,0,gha
0,0,0,0,0,8,51,0,gha
0,0,0,0,0,8,51,0,gha
0,0,0,0,0,8,51,0,gha
0,0,0,0,0,7,51,0,gha
0,0,0,0,0,7,51,0,gha
0,0,0,0,0,7,52,0,gha
0,0,0,0,0,7,52,0,gha
0,0,0,0,0,8,52,0,gha
0,0,0,0,0,10,54,0,gha
0,1,0,0,0,10,54,0,gha
0,0,0,0,0,8,54,0,gha
0,1,0,0,0,8,46,0,gha
0,1,0,0,0,6,44,0,gha
0,1,0,0,0,5,43,0,gha
0,1,0,0,0,5,43,0,gha
0,1,0,0,0,5,43,0,gha
0,1,0,0,0,6,43,0,gha
0,1,0,0,0,5,43,0,gha
0,1,0,0,0,5,41,0,gha
0,1,0,0,0,5,43,0,gha
0,1,0,0,0,3,43,0,gha
0,1,0,0,0,3,49,0,gha
0,1,0,0,0,6,51,0,gha
0,1,0,0,0,7,51,0,gha
0,0,0,0,0,7,51,0,gha
0,0,0,0,0,8,51,0,gha
0,0,0,0,0,8,51,0,gha
0,0,0,0,0,8,52,0,gha
0,0,0,0,0,8,51,0,gha
0,0,0,0,0,8,51,0,gha
0,0,0,0,0,8,51,0,gha
0,0,0,0,0,8,52,0,gha
0,0,0,0,0,8,52,0,gha
0,0,0,0,0,7,51,0,gha
0,0,0,0,0,7,52,0,gha
0,0,0,0,0,7,52,0,gha
0,0,0,0,0,7,51,0,gha
0,0,0,0,0,7,51,0,gha
0,0,0,0,0,8,51,0,gha
0,0,0,0,0,8,51,0,gha
0,0,0,0,0,7,52,0,gha
0,0,0,0,0,8,52,0,gha
0,0,0,0,0,8,51,0,gha
0,0,0,0,0,8,51,0,gha
0,0,0,0,0,8,51,0,gha
0,0,0,0,0,8,51,0,gha
0,0,0,0,0,8,52,0,gha
0,0,0,0,0,8,52,0,gha
0,0,0,0,0,7,51,0,gha
0,0,0,0,0,8,51,0,gha
0,0,0,0,0,8,49,0,gha
0,0,0,0,0,7,49,0,gha
0,0,0,0,0,7,49,0,gha
0,2,0,0,0,7,49,0,gha
0,1,0,0,0,8,51,0,gha
0,1,0,0,0,8,51,0,gha
0,1,0,0,0,8,51,0,gha
0,1,0,0,0,8,49,0,gha
0,1,0,0,0,8,51,0,gha
0,1,0,0,0,7,49,0,gha
0,1,0,0,0,7,49,0,gha
0,1,0,0,0,8,49,0,gha
0,1,0,0,0,7,51,0,gha
0,0,0,0,0,8,51,0,gha
0,0,0,0,0,7,51,0,gha
0,0,0,0,0,7,51,0,gha
0,0,0,0,0,7,51,0,gha
0,1,0,0,0,7,51,0,gha
0,1,0,0,0,7,51,0,gha
0,2,0,0,0,7,51,0,gha
0,1,0,0,0,7,51,0,gha
0,1,0,0,0,6,51,0,gha
0,1,0,0,0,8,51,0,gha
0,1,0,0,0,8,51,0,gha
0,2,0,0,0,8,51,0,gha
0,2,0,0,0,10,51,0,gha
0,1,0,0,0,10,51,0,gha
0,1,0,0,0,10,49,0,gha
0,1,0,0,0,8,51,0,gha
0,2,0,0,0,8,51,0,gha
0,2,0,0,0,8,51,0,gha
0,2,0,0,0,8,56,0,gha
0,2,0,0,0,7,56,0,gha
0,2,0,0,0,6,56,0,gha
0,2,0,0,0,5,56,0,gha
0,1,0,0,0,5,56,0,gha
0,1,0,0,0,5,56,0,gha
0,1,0,0,0,6,56,0,gha
0,0,0,0,0,6,56,0,gha
0,0,0,0,0,7,56,0,gha
0,0,0,0,0,7,54,0,gha
0,0,0,0,0,8,48,0,gha
0,0,0,0,0,8,46,0,gha
0,0,0,0,0,8,46,0,gha
0,0,0,0,0,10,44,0,gha
0,0,0,0,0,10,44,0,gha
0,1,0,0,0,10,43,0,gha
0,1,0,0,0,10,43,0,gha
0,1,0,0,0,10,41,0,gha
0,1,0,0,0,10,41,0,gha
0,1,0,0,0,8,41,0,gha
0,1,0,0,0,8,43,0,gha
0,0,0,0,0,8,44,0,gha
0,0,0,0,0,10,44,0,gha
0,0,0,0,0,8,46,0,gha
0,0,0,0,0,8,46,0,gha
0,0,0,0,0,7,48,0,gha
0,0,0,0,0,6,48,0,gha
0,0,0,0,0,6,49,0,gha
0,0,0,0,0,6,49,0,gha
0,0,0,0,0,6,49,0,gha
0,0,0,0,0,6,49,0,gha
0,0,0,0,0,6,49,0,gha
0,0,0,0,0,5,49,0,gha
0,2,0,0,0,5,51,0,gha
0,1,0,0,0,5,49,0,gha
0,1,0,0,0,5,49,0,gha
0,1,0,0,0,6,49,0,gha
0,1,0,0,0,6,48,0,gha
0,1,0,0,0,5,49,0,gha
0,1,0,0,0,5,49,0,gha
0,2,0,0,0,6,51,0,gha
0,2,0,0,0,6,49,0,gha
0,2,0,0,0,6,46,0,gha
0,0,0,0,0,5,43,0,gha
0,0,0,0,0,5,43,0,gha
0,0,0,0,0,5,43,0,gha
0,1,0,0,0,5,43,0,gha
0,0,0,0,0,5,44,0,gha
0,1,0,0,0,6,43,0,gha
0,1,0,0,0,6,44,0,gha
0,0,0,0,0,6,44,0,gha
0,1,0,0,0,6,46,0,gha
0,1,0,0,0,5,48,0,gha
0,2,0,0,0,5,51,0,gha
0,2,0,0,0,5,51,0,gha
0,2,0,0,0,5,51,0,gha
0,1,0,0,0,5,51,0,gha
0,1,0,0,0,5,51,0,gha
0,1,0,0,0,5,51,0,gha
0,0,0,0,0,5,51,0,gha
0,0,0,0,0,6,51,0,gha
0,0,0,0,0,6,52,0,gha
0,0,0,0,0,6,51,0,gha
0,0,0,0,0,6,49,0,gha
0,0,0,0,0,7,48,0,gha
0,0,0,0,0,7,49,0,gha
0,0,0,0,0,7,49,0,gha
0,0,0,0,0,7,49,0,gha
0,0,0,0,0,6,51,0,gha
0,0,0,0,0,6,49,0,gha
0,0,0,0,0,6,49,0,gha
0,0,0,0,0,6,46,0,gha
0,0,0,0,0,5,48,0,gha
0,0,0,0,0,5,49,0,gha
0,0,0,0,0,3,56,0,gha
0,1,0,0,0,3,56,0,gha
0,0,0,0,0,5,54,0,gha
0,0,0,0,0,5,51,0,gha
0,0,0,0,0,5,51,0,gha
0,0,0,0,0,6,51,0,gha
0,0,0,0,0,5,52,0,gha
0,0,0,0,0,5,52,0,gha
0,0,0,0,0,5,54,0,gha
0,0,0,0,0,5,54,0,gha
0,0,0,0,0,5,49,0,gha
0,0,0,0,0,5,49,0,gha
0,0,0,0,0,3,49,0,gha
0,0,0,0,0,3,52,0,gha
0,0,0,0,0,3,52,0,gha
0,0,0,0,0,3,52,0,gha
0,0,0,0,0,3,52,0,gha
0,0,0,0,0,2,52,0,gha
0,0,0,0,0,3,52,0,gha
0,0,0,0,0,3,51,0,gha
0,0,0,0,0,2,51,0,gha
0,0,0,0,0,2,51,0,gha
0,0,0,0,0,5,46,0,gha
0,0,0,0,0,5,46,0,gha
0,0,0,0,0,5,44,0,gha
0,0,0,0,0,5,43,0,gha
0,0,0,0,0,5,41,0,gha
0,0,0,0,0,5,41,0,gha
0,0,0,0,0,5,40,0,gha
0,0,0,0,0,3,41,0,gha
0,0,0,0,0,3,41,0,gha
0,0,0,0,0,3,41,0,gha
0,0,0,0,0,2,48,0,gha
0,0,0,0,0,7,48,0,gha
0,0,0,0,0,7,49,0,gha
0,0,0,0,0,7,51,0,gha
0,2,0,0,0,7,52,0,gha
0,2,0,0,0,7,52,0,gha
0,2,0,0,0,7,52,0,gha
0,2,0,0,0,8,52,0,gha
0,2,0,0,0,8,51,0,gha
0,2,0,0,0,10,51,0,gha
0,2,0,0,0,10,51,0,gha
0,0,0,0,0,6,49,0,gha
0,0,0,0,0,5,48,0,gha
0,0,0,0,0,3,48,0,gha
0,0,0,0,0,3,48,0,gha
0,0,0,0,0,3,49,0,gha
0,0,0,0,0,3,49,0,gha
0,0,0,0,0,3,49,0,gha
0,0,0,0,0,2,49,0,gha
0,0,0,0,0,2,49,0,gha
0,0,0,0,0,3,41,0,gha
0,0,0,0,0,3,43,0,gha
0,0,0,0,0,5,44,0,gha
0,0,0,0,0,5,44,0,gha
0,0,0,0,0,5,44,0,gha
0,0,0,0,0,5,43,0,gha
0,0,0,0,0,5,41,0,gha
0,0,0,0,0,5,41,0,gha
0,0,0,0,0,6,43,0,gha
0,1,0,0,0,5,41,0,gha
0,1,0,0,0,5,49,0,gha
0,0,0,0,0,5,48,0,gha
0,0,0,0,0,3,48,0,gha
0,0,0,0,0,3,48,0,gha
0,0,0,0,0,3,49,0,gha
0,0,0,0,0,3,49,0,gha
0,0,0,0,0,2,51,0,gha
0,0,0,0,0,3,51,0,gha
0,0,0,0,0,3,51,0,gha
0,0,0,0,0,3,49,0,gha
0,0,0,0,0,2,49,0,gha
0,0,0,0,0,2,49,0,gha
0,0,0,0,0,2,48,0,gha
0,0,0,0,0,2,48,0,gha
0,0,0,0,0,2,48,0,gha
0,0,0,0,0,3,48,0,gha
0,0,0,0,0,1,48,0,gha
0,0,0,0,0,1,48,0,gha
0,0,0,0,0,0,48,0,gha
0,0,0,0,0,0,48,0,gha
0,0,0,0,0,1,48,0,gha
0,0,0,0,0,1,48,0,gha
0,0,0,0,0,0,48,0,gha
0,0,0,0,0,0,46,0,gha
0,0,0,0,0,0,46,0,gha
0,0,0,0,0,0,46,0,gha
0,0,0,0,0,0,43,0,gha
0,0,0,0,0,0,43,0,gha
0,0,0,0,0,1,40,0,gha
0,0,0,0,0,1,41,0,gha
0,0,0,0,0,1,40,0,gha
0,1,0,0,0,1,41,0,gha
0,1,0,0,0,3,40,0,gha
0,1,0,0,0,3,41,0,gha
0,1,0,0,0,6,41,0,gha
0,2,0,0,0,6,41,0,gha
0,0,112,160,110,0,16,85,ek
0,0,112,159,111,0,17,85,ek
0,0,112,159,110,0,19,85,ek
0,0,112,159,110,0,20,87,ek
0,0,111,158,111,15,22,88,ek
0,0,109,158,110,61,22,90,ek
0,0,109,157,108,61,22,92,ek
0,0,108,156,108,61,24,90,ek
0,0,106,155,108,62,25,90,ek
0,0,104,155,105,61,24,92,ek
0,0,103,155,115,61,20,92,ek
0,0,103,154,113,60,19,92,ek
0,0,103,153,115,60,17,92,ek
0,0,100,153,113,60,17,93,ek
0,0,99,152,111,60,17,92,ek
0,0,98,150,113,59,19,90,ek
0,0,98,149,113,59,22,90,ek
0,0,97,149,110,59,22,90,ek
0,0,97,149,108,57,20,90,ek
0,0,96,147,110,57,20,90,ek
0,0,96,146,100,56,20,90,ek
0,0,95,145,100,56,17,95,ek
0,0,95,145,100,56,17,95,ek
0,0,95,145,98,56,19,93,ek
0,0,95,144,98,55,19,93,ek
0,0,94,144,95,55,20,92,ek
0,0,94,143,98,55,19,92,ek
0,0,93,143,98,55,20,88,ek
0,0,93,143,100,55,22,88,ek
0,0,93,143,98,55,22,88,ek
0,0,92,143,98,55,22,87,ek
0,0,91,142,98,55,27,79,ek
0,0,91,142,97,55,25,77,ek
0,0,90,142,97,54,25,79,ek
0,0,90,142,97,54,22,79,ek
0,0,90,142,98,52,22,82,ek
0,0,89,142,95,51,20,82,ek
0,0,89,142,95,51,20,85,ek
0,0,89,141,95,50,17,82,ek
0,0,89,141,95,50,19,82,ek
0,0,88,141,95,50,19,84,ek
0,0,88,141,95,50,17,82,ek
0,0,88,141,100,50,16,84,ek
0,0,88,140,100,51,17,82,ek
0,0,88,140,100,51,17,82,ek
0,0,88,139,100,51,17,80,ek
0,0,88,139,98,52,16,80,ek
0,0,88,139,98,52,14,80,ek
0,0,88,138,100,52,14,80,ek
0,0,87,139,100,51,14,80,ek
0,0,87,139,100,51,12,80,ek
0,0,88,138,102,51,11,82,ek
0,0,87,138,97,49,11,82,ek
0,0,87,138,97,49,11,84,ek
0,0,87,138,97,47,9,82,ek
0,0,87,138,97,49,11,82,ek
0,0,87,138,98,49,12,80,ek
0,0,86,139,98,47,14,80,ek
0,0,86,139,98,49,14,79,ek
0,0,87,138,98,49,14,80,ek
0,0,87,139,98,49,14,79,ek
0,0,87,138,97,50,16,79,ek
0,0,87,137,97,51,17,77,ek
0,0,87,137,97,51,16,75,ek
0,0,87,137,97,52,19,77,ek
0,0,87,136,97,52,19,75,ek
0,0,88,137,97,52,19,77,ek
0,0,87,137,97,52,17,79,ek
0,0,87,136,97,52,19,79,ek
0,0,86,136,100,52,17,77,ek
0,0,86,135,102,52,17,79,ek
0,0,85,136,103,49,17,77,ek
0,0,85,137,103,49,16,80,ek
0,0,85,137,102,49,16,80,ek
0,0,85,136,103,50,16,80,ek
0,0,85,136,103,50,16,80,ek
0,0,85,135,103,50,14,82,ek
0,0,85,135,103,50,16,80,ek
0,0,85,135,102,50,16,80,ek
0,0,85,135,98,50,14,80,ek
0,0,85,135,98,49,14,82,ek
0,0,85,135,97,52,12,82,ek
0,0,85,134,97,52,12,80,ek
0,0,85,133,98,52,12,80,ek
0,0,85,135,98,51,14,79,ek
0,0,85,135,98,51,11,80,ek
0,0,85,135,98,50,11,79,ek
0,0,84,135,97,50,9,71,ek
0,0,84,135,97,50,9,72,ek
0,0,83,135,98,50,9,69,ek
0,0,83,135,97,50,9,69,ek
0,0,83,135,97,50,9,69,ek
0,0,82,135,95,54,9,69,ek
0,0,82,135,95,52,8,71,ek
0,0,83,134,97,52,8,71,ek
0,0,83,135,92,52,9,69,ek
0,0,82,134,94,52,9,67,ek
0,0,83,134,95,54,9,77,ek
0,0,82,133,97,51,9,77,ek
0,0,82,133,95,51,9,69,ek
0,0,82,133,95,51,11,67,ek
0,0,82,133,95,52,11,67,ek
0,0,83,133,95,49,12,67,ek
0,0,82,131,102,49,12,67,ek
0,0,82,131,102,51,12,67,ek
0,0,82,131,105,51,14,59,ek
0,0,83,131,103,50,14,61,ek
0,0,83,132,103,50,16,59,ek
0,0,83,132,103,51,16,61,ek
0,0,84,132,103,51,16,71,ek
0,0,84,132,103,52,17,71,ek
0,0,83,132,102,52,17,72,ek
0,0,83,132,100,52,17,71,ek
0,0,83,133,94,54,19,67,ek
0,0,84,133,94,51,17,66,ek
0,0,83,133,92,50,16,75,ek
0,0,84,133,92,50,16,77,ek
0,0,83,132,92,51,16,79,ek
0,0,84,132,92,51,16,77,ek
0,0,83,132,92,51,16,75,ek
0,0,83,132,94,50,14,77,ek
0,0,83,132,95,50,14,79,ek
0,0,83,131,97,50,14,80,ek
0,0,83,132,97,51,14,84,ek
0,0,83,132,97,50,16,85,ek
0,0,83,131,98,51,14,85,ek
0,0,82,131,98,51,14,84,ek
0,0,83,131,97,51,12,82,ek
0,0,82,130,98,51,12,82,ek
0,0,82,131,97,51,11,79,ek
0,0,82,131,95,51,11,77,ek
0,0,82,131,92,51,11,77,ek
0,0,82,131,92,51,11,75,ek
0,0,82,130,92,50,11,72,ek
0,0,82,130,90,50,9,72,ek
0,0,82,130,89,50,12,72,ek
0,0,82,131,89,50,11,71,ek
0,0,82,130,89,50,12,74,ek
0,0,82,131,89,50,12,74,ek
0,0,82,130,89,50,12,80,ek
0,0,81,130,90,51,14,80,ek
0,0,80,130,94,51,12,80,ek
0,0,80,130,94,50,14,80,ek
0,0,79,130,95,50,11,82,ek
0,0,79,130,97,50,11,80,ek
0,0,78,130,97,50,9,84,ek
0,0,77,130,97,50,11,84,ek
0,0,76,130,95,47,9,80,ek
0,0,76,130,95,47,8,79,ek
0,0,76,129,95,46,9,77,ek
0,0,76,129,95,45,8,77,ek
0,0,76,128,100,45,8,77,ek
0,0,77,128,102,45,8,77,ek
0,0,77,128,100,45,8,79,ek
0,0,77,128,100,45,11,79,ek
0,0,76,128,100,45,11,79,ek
0,0,76,128,100,45,9,80,ek
0,0,76,129,102,46,9,82,ek
0,0,76,128,102,45,11,84,ek
0,0,76,129,102,45,9,84,ek
0,0,76,129,102,45,8,82,ek
0,0,76,129,90,44,8,82,ek
0,0,75,129,85,44,8,84,ek
0,0,75,129,82,44,8,84,ek
0,0,75,128,84,42,3,82,ek
0,0,75,128,84,42,3,79,ek
0,0,75,129,82,42,1,77,ek
0,0,75,128,82,41,0,77,ek
0,0,75,129,82,42,1,77,ek
0,0,75,129,81,44,1,79,ek
0,0,74,129,81,44,1,79,ek
0,0,75,128,85,44,1,77,ek
0,0,75,129,90,44,1,75,ek
0,0,74,128,92,45,1,75,ek
0,0,74,129,90,45,4,79,ek
0,0,74,128,92,45,4,79,ek
0,0,74,128,92,45,6,80,ek
0,0,74,128,94,46,8,80,ek
0,0,74,127,92,46,8,80,ek
0,0,74,127,94,45,6,82,ek
0,0,74,127,95,45,8,82,ek
0,0,75,127,95,46,16,82,ek
0,0,75,127,97,46,14,80,ek
0,0,75,127,95,46,14,79,ek
0,0,76,126,95,46,14,79,ek
0,0,76,127,94,46,14,80,ek
0,0,76,126,97,46,16,80,ek
0,0,76,126,97,46,16,79,ek
0,0,75,126,97,46,14,77,ek
0,0,76,127,95,46,16,77,ek
0,0,76,127,95,47,16,77,ek
0,0,76,127,95,46,8,79,ek
0,0,76,127,95,46,11,79,ek
0,0,76,127,94,45,12,80,ek
0,0,76,128,94,46,11,79,ek
0,0,76,128,95,45,12,79,ek
0,0,76,129,92,45,14,77,ek
0,0,76,130,92,46,12,75,ek
0,0,78,131,90,46,16,75,ek
0,0,78,130,90,46,17,74,ek
0,0,78,130,92,46,20,74,ek
0,0,77,131,92,46,22,74,ek
0,0,78,131,90,46,22,72,ek
0,0,78,131,90,47,24,71,ek
0,0,78,131,90,46,25,72,ek
0,0,78,131,92,47,28,74,ek
0,0,79,131,90,47,27,74,ek
0,0,79,130,92,47,28,75,ek
0,0,78,130,92,46,27,74,ek
0,0,78,130,92,47,27,74,ek
0,0,79,130,90,46,25,74,ek
0,0,79,129,90,46,25,74,ek
0,0,79,129,92,46,27,75,ek
0,0,79,129,95,45,25,79,ek
0,0,79,129,97,45,25,75,ek
0,0,79,129,97,44,24,77,ek
0,0,79,129,97,45,27,77,ek
0,0,78,130,95,44,27,77,ek
0,0,79,129,95,44,25,79,ek
0,0,79,129,95,44,27,79,ek
0,0,77,129,95,44,24,79,ek
0,0,77,129,95,45,24,79,ek
0,0,77,129,94,44,22,77,ek
0,0,76,129,90,49,22,77,ek
0,0,76,129,90,47,20,77,ek
0,0,76,129,90,49,22,77,ek
0,0,76,128,90,47,17,75,ek
0,0,76,128,92,47,17,75,ek
0,0,76,128,92,49,19,77,ek
0,0,76,128,90,47,19,79,ek
0,0,76,128,90,47,22,82,ek
0,0,76,129,92,47,22,82,ek
0,0,77,128,92,47,22,82,ek
0,0,76,129,92,45,22,80,ek
0,0,76,129,90,45,22,82,ek
0,0,76,130,90,45,20,82,ek
0,0,76,130,90,45,17,82,ek
0,0,76,131,87,45,19,80,ek
0,0,76,129,81,45,19,79,ek
0,0,76,128,81,45,20,75,ek
0,0,76,128,81,45,20,75,ek
0,0,76,128,81,44,19,75,ek
0,0,76,128,81,45,17,75,ek
0,0,76,129,81,45,17,77,ek
0,0,76,129,84,44,17,77,ek
0,0,76,127,82,44,19,77,ek
0,0,76,128,82,45,24,77,ek
0,0,76,128,84,45,24,77,ek
0,0,76,130,92,45,20,77,ek
0,0,77,130,92,45,20,79,ek
0,0,77,130,92,45,20,75,ek
0,0,78,131,92,45,22,74,ek
0,0,77,131,90,46,22,74,ek
0,0,78,130,92,46,22,75,ek
0,0,78,130,92,46,24,75,ek
0,0,79,130,92,47,24,74,ek
0,0,79,130,92,47,25,75,ek
0,0,79,129,90,47,25,84,ek
0,0,77,129,90,46,25,84,ek
0,0,76,129,92,46,24,82,ek
0,0,75,129,90,46,24,84,ek
0,0,74,129,90,46,24,84,ek
0,0,75,129,90,45,24,84,ek
0,0,75,129,90,45,22,82,ek
0,0,74,129,90,45,20,82,ek
0,0,74,129,90,44,20,84,ek
0,0,73,128,85,42,19,82,ek
0,0,73,129,85,42,17,74,ek
0,0,73,129,87,42,17,74,ek
0,0,74,128,87,42,17,74,ek
0,0,75,128,85,42,17,72,ek
0,0,75,128,87,41,16,74,ek
0,0,75,128,87,40,16,74,ek
0,0,75,128,85,41,17,72,ek
0,0,74,128,85,41,17,74,ek
0,0,74,128,85,42,16,74,ek
0,0,75,128,89,42,16,74,ek
0,0,75,127,90,41,17,75,ek
0,0,75,128,89,42,17,75,ek
0,0,75,127,87,42,17,75,ek
0,0,75,127,89,42,19,75,ek
0,0,75,128,89,42,20,74,ek
0,0,74,128,90,44,20,74,ek
0,0,74,127,90,42,20,74,ek
0,0,74,127,90,42,22,72,ek
0,0,74,128,90,42,22,74,ek
0,0,74,127,90,42,24,74,ek
0,0,74,128,90,44,24,72,ek
0,0,74,128,92,42,25,74,ek
0,0,74,128,92,42,24,74,ek
0,0,74,128,92,44,25,74,ek
0,0,74,127,92,44,24,77,ek
0,0,74,128,90,44,24,77,ek
0,0,75,128,90,44,25,79,ek
0,0,74,128,89,44,25,79,ek
0,0,74,128,89,42,25,79,ek
0,0,75,128,89,44,24,77,ek
0,0,74,127,89,41,24,77,ek
0,0,74,127,89,42,20,84,ek
0,0,74,126,89,42,22,84,ek
0,0,73,126,89,41,22,82,ek
0,0,73,126,89,40,22,80,ek
0,0,73,125,89,40,22,80,ek
0,0,73,125,89,40,20,79,ek
0,0,74,125,90,40,19,80,ek
0,0,73,125,90,39,17,80,ek
0,0,73,125,90,39,17,80,ek
0,0,73,126,89,40,17,82,ek
0,0,72,126,89,40,17,75,ek
0,0,72,127,89,40,17,74,ek
0,0,73,127,92,41,16,74,ek
0,0,72,128,92,41,14,74,ek
0,0,72,129,92,41,14,71,ek
0,0,72,130,94,44,14,69,ek
0,0,71,131,95,44,16,69,ek
0,0,71,133,95,44,14,69,ek
0,0,71,134,97,44,12,71,ek
0,0,72,135,97,44,11,69,ek
0,0,73,136,97,44,11,69,ek
0,0,72,137,97,42,9,72,ek
0,0,71,137,94,41,14,72,ek
0,0,71,137,94,41,14,72,ek
0,0,71,138,94,41,16,75,ek
0,0,71,137,94,41,17,77,ek
0,0,71,137,94,40,17,77,ek
0,0,70,136,94,40,17,77,ek
0,0,70,135,94,40,20,80,ek
0,0,70,134,92,40,22,80,ek
0,0,70,133,92,40,22,82,ek
0,0,70,133,94,40,24,82,ek
0,0,68,132,94,41,20,82,ek
0,0,68,132,94,41,20,80,ek
0,0,68,132,94,41,19,80,ek
0,0,68,131,94,37,20,80,ek
0,0,68,132,92,39,22,80,ek
0,0,68,133,92,39,20,80,ek
0,0,68,132,92,39,19,75,ek
0,0,68,132,92,40,19,74,ek
0,0,68,133,92,40,20,71,ek
0,0,68,133,90,40,20,71,ek
0,0,70,133,90,40,20,69,ek
0,0,70,132,90,39,22,71,ek
0,0,70,132,90,39,22,69,ek
0,0,70,132,90,41,20,69,ek
0,0,70,132,92,41,20,71,ek
0,0,71,131,92,41,20,71,ek
0,0,71,131,92,40,20,72,ek
0,0,70,131,92,40,20,71,ek
0,0,70,130,92,40,17,72,ek
0,0,70,130,95,40,16,72,ek
0,0,70,129,95,41,12,72,ek
0,0,69,130,94,41,14,71,ek
0,0,68,129,94,39,14,71,ek
0,0,69,129,94,39,12,72,ek
0,0,69,129,98,39,12,72,ek
0,0,67,129,98,39,14,72,ek
0,0,67,129,98,40,14,71,ek
0,0,68,129,98,40,16,71,ek
0,0,68,129,98,40,20,71,ek
0,0,68,130,97,41,22,72,ek
0,0,68,130,95,41,24,71,ek
0,0,70,130,95,41,22,74,ek
0,0,70,130,95,45,22,72,ek
0,0,70,130,95,45,25,72,ek
0,0,70,130,92,44,25,72,ek
0,0,70,130,92,44,24,74,ek
0,0,70,130,92,44,24,74,ek
0,0,71,129,92,42,22,74,ek
0,0,71,129,90,45,20,75,ek
0,0,71,129,92,45,20,74,ek
0,0,71,129,92,45,20,72,ek
0,0,71,129,92,45,20,69,ek
0,0,71,128,92,45,20,71,ek
0,0,72,129,94,45,22,71,ek
0,0,73,129,94,46,22,67,ek
0,0,74,128,94,45,19,67,ek
0,0,73,128,94,45,19,66,ek
0,0,73,128,90,45,17,66,ek
0,0,73,128,90,41,17,67,ek
0,0,73,128,89,40,17,66,ek
0,0,73,128,89,41,19,67,ek
0,0,73,128,89,40,19,69,ek
0,0,73,128,89,41,17,71,ek
0,0,73,128,87,40,16,71,ek
0,0,72,128,85,41,17,72,ek
0,0,71,128,85,41,20,72,ek
0,0,71,128,85,42,22,75,ek
0,0,71,128,89,42,22,74,ek
0,0,71,128,85,44,24,72,ek
0,0,70,128,90,44,25,72,ek
0,0,70,128,90,44,25,72,ek
0,0,70,127,92,44,24,72,ek
0,0,70,127,92,44,25,71,ek
0,0,70,127,92,44,27,71,ek
0,0,70,127,94,42,27,71,ek
0,0,70,127,94,42,25,71,ek
0,0,69,127,94,40,25,72,ek
0,0,70,127,94,40,24,72,ek
0,0,70,127,97,40,22,72,ek
0,0,70,127,90,40,20,72,ek
0,0,70,127,90,40,20,72,ek
0,0,70,127,90,40,19,71,ek
0,0,70,127,89,40,17,71,ek
0,0,70,127,89,40,17,71,ek
0,0,70,127,89,40,17,71,ek
0,0,70,127,87,40,17,71,ek
0,0,70,127,85,40,17,67,ek
0,0,70,127,87,40,19,69,ek
0,0,70,127,87,40,20,69,ek
0,0,70,127,87,40,24,69,ek
0,0,71,127,89,40,24,69,ek
0,0,71,126,87,40,24,71,ek
0,0,70,126,87,39,27,71,ek
0,0,71,127,87,39,28,72,ek
0,0,71,127,87,39,28,72,ek
0,0,70,127,89,40,30,72,ek
0,0,71,127,92,40,30,74,ek
0,0,71,127,90,40,32,72,ek
0,0,71,127,90,40,32,72,ek
0,0,71,127,90,40,30,74,ek
0,0,71,127,89,40,32,72,ek
0,0,71,127,89,40,32,74,ek
0,0,71,127,89,40,30,74,ek
0,0,71,127,90,41,28,71,ek
0,0,71,127,89,41,28,72,ek
0,0,71,127,89,41,28,72,ek
0,0,71,127,89,41,27,71,ek
0,0,71,127,90,40,28,72,ek
0,0,71,127,89,41,27,71,ek
0,0,71,127,90,41,24,69,ek
0,0,71,127,92,41,24,71,ek
0,0,71,127,90,40,24,71,ek
0,0,71,127,92,39,24,71,ek
0,0,71,127,92,39,25,72,ek
0,0,71,127,94,37,25,72,ek
0,0,71,126,94,37,24,71,ek
0,0,72,126,92,37,24,69,ek
0,0,71,126,90,39,22,71,ek
0,0,71,126,92,37,22,71,ek
0,0,70,125,90,37,24,72,ek
0,0,70,125,92,37,22,74,ek
0,0,70,124,90,39,22,74,ek
0,0,70,126,89,40,22,74,ek
0,0,70,126,87,40,22,72,ek
0,0,69,125,85,40,20,72,ek
0,0,69,126,84,41,17,72,ek
0,0,70,126,85,40,17,72,ek
0,0,70,127,85,40,17,72,ek
0,0,69,127,85,41,17,71,ek
0,0,69,127,87,41,17,71,ek
0,0,69,128,87,41,17,69,ek
0,0,69,128,85,41,19,69,ek
0,0,69,126,87,41,17,69,ek
0,0,69,126,89,41,17,71,ek
0,0,69,127,89,41,17,71,ek
0,0,69,126,89,41,20,71,ek
0,0,69,127,87,40,20,71,ek
0,0,69,126,87,40,24,71,ek
0,0,69,126,85,39,20,71,ek
0,0,70,127,84,39,20,71,ek
0,0,70,126,84,40,20,72,ek
0,0,70,126,87,40,22,72,ek
0,0,70,126,85,39,22,72,ek
0,0,70,127,85,40,24,72,ek
0,0,71,126,85,40,22,74,ek
0,0,71,126,85,40,20,74,ek
0,0,71,125,87,41,22,75,ek
0,0,71,125,89,41,17,74,ek
0,0,71,126,89,41,20,79,ek
0,0,71,126,92,41,22,77,ek
0,0,71,126,92,41,22,75,ek
0,0,71,126,90,41,20,75,ek
0,0,71,126,90,40,24,77,ek
0,0,70,126,90,40,25,75,ek
0,0,70,127,92,40,27,75,ek
0,0,69,127,92,40,27,74,ek
0,0,69,128,90,40,25,72,ek
0,0,69,128,90,40,27,72,ek
0,0,70,127,90,39,27,67,ek
0,0,69,127,89,39,27,71,ek
0,0,70,128,89,39,27,71,ek
0,0,69,128,89,40,27,71,ek
0,0,69,128,89,40,25,72,ek
0,0,69,128,89,40,24,71,ek
0,0,70,127,87,41,24,71,ek
0,0,69,127,87,42,25,71,ek
0,0,69,127,87,41,25,71,ek
0,0,69,127,87,42,27,71,ek
0,0,68,127,87,42,25,74,ek
0,0,69,127,89,42,25,72,ek
0,0,68,126,89,42,25,71,ek
0,0,68,126,89,44,27,69,ek
0,0,68,126,89,44,25,69,ek
0,0,68,126,89,44,24,69,ek
0,0,67,127,89,42,24,72,ek
0,0,68,126,90,41,24,72,ek
0,0,68,126,90,42,25,74,ek
0,0,68,126,90,42,25,74,ek
0,0,68,126,89,42,27,74,ek
0,0,68,126,89,42,27,74,ek
0,0,0,0,98,21,22,66,dui
0,0,0,0,98,21,20,66,dui
0,0,0,0,98,21,17,67,dui
0,0,0,0,94,21,17,67,dui
0,0,0,0,92,22,14,63,dui
0,0,0,0,92,21,12,67,dui
0,0,0,0,92,22,9,66,dui
0,0,0,0,90,22,8,66,dui
0,0,0,0,90,25,6,66,dui
0,0,0,0,92,25,6,64,dui
0,0,0,0,90,25,4,64,dui
0,0,0,0,90,23,4,64,dui
0,0,0,0,90,23,6,64,dui
0,0,0,0,95,23,9,64,dui
0,0,0,0,95,25,8,69,dui
0,0,0,0,95,23,9,64,dui
0,0,0,0,95,23,9,66,dui
0,0,0,0,97,23,9,66,dui
0,0,0,0,97,20,9,64,dui
0,0,0,0,95,20,6,64,dui
0,0,0,0,95,20,6,63,dui
0,0,0,0,95,18,6,64,dui
0,0,0,0,94,20,6,63,dui
0,0,0,0,94,18,3,64,dui
0,0,0,0,94,17,4,64,dui
0,0,0,0,95,17,4,66,dui
0,0,0,0,95,17,6,66,dui
0,0,0,0,94,17,8,67,dui
0,0,0,0,95,17,6,67,dui
0,0,0,0,95,17,8,69,dui
0,0,0,0,95,16,9,67,dui
0,0,0,0,95,17,8,67,dui
0,0,0,0,97,17,8,67,dui
0,0,0,0,97,17,8,64,dui
0,0,0,0,97,16,6,64,dui
0,0,0,0,95,17,6,64,dui
0,0,0,0,95,16,6,63,dui
0,0,0,0,95,15,4,59,dui
0,0,0,0,94,15,6,59,dui
0,0,0,0,95,16,4,56,dui
0,0,0,0,94,16,4,58,dui
0,0,0,0,94,16,4,58,dui
0,0,0,0,94,16,4,58,dui
0,0,0,0,92,16,4,56,dui
0,0,0,0,92,15,4,56,dui
0,0,0,0,92,13,4,54,dui
0,0,0,0,92,13,4,56,dui
0,0,0,0,92,15,4,59,dui
0,0,0,0,94,15,3,59,dui
0,0,0,0,94,13,3,61,dui
0,0,0,0,95,13,3,59,dui
0,0,0,0,95,11,1,59,dui
0,0,0,0,97,11,3,61,dui
0,0,0,0,98,11,3,56,dui
0,0,0,0,98,12,6,56,dui
0,0,0,0,97,12,4,54,dui
0,0,0,0,95,13,4,56,dui
0,0,0,0,95,13,6,54,dui
0,0,0,0,94,11,6,54,dui
0,0,0,0,94,11,8,53,dui
0,0,0,0,92,11,8,53,dui
0,0,0,0,90,13,8,53,dui
0,0,0,0,89,13,6,51,dui
0,0,0,0,89,13,6,56,dui
0,0,0,0,89,13,4,56,dui
0,0,0,0,89,13,3,58,dui
0,0,0,0,92,12,8,56,dui
0,0,0,0,90,12,8,56,dui
0,0,0,0,90,15,8,56,dui
0,0,0,0,90,13,8,56,dui
0,0,0,0,92,15,8,56,dui
0,0,0,0,92,15,9,56,dui
0,0,0,0,92,15,11,58,dui
0,0,0,0,92,15,14,56,dui
0,0,0,0,90,15,17,56,dui
0,0,0,0,90,15,19,53,dui
0,0,0,0,90,15,17,54,dui
0,0,0,0,90,15,19,54,dui
0,0,0,0,92,13,20,53,dui
0,0,0,0,90,13,20,54,dui
0,0,0,0,90,12,22,53,dui
0,0,0,0,92,12,20,51,dui
0,0,0,0,97,12,20,51,dui
0,0,0,0,97,12,20,51,dui
0,0,0,0,98,12,19,53,dui
0,0,0,0,98,12,16,54,dui
0,0,0,0,100,13,14,54,dui
0,0,0,0,98,13,11,54,dui
0,0,0,0,98,15,11,54,dui
0,0,0,0,100,16,11,56,dui
0,0,0,0,98,16,12,58,dui
0,0,0,0,97,16,12,58,dui
0,0,0,0,92,17,12,56,dui
0,0,0,0,90,17,12,58,dui
0,0,0,0,90,17,12,59,dui
0,0,0,0,90,17,12,58,dui
0,0,0,0,90,17,12,58,dui
0,0,0,0,90,17,14,58,dui
0,0,0,0,90,17,12,58,dui
0,0,0,0,89,16,14,56,dui
0,0,0,0,89,16,9,56,dui
0,0,0,0,90,16,9,58,dui
0,0,0,0,90,15,9,61,dui
0,0,0,0,92,15,9,59,dui
0,0,0,0,92,15,11,58,dui
0,0,0,0,92,15,12,58,dui
0,0,0,0,92,13,11,58,dui
0,0,0,0,92,12,11,58,dui
0,0,0,0,92,12,11,58,dui
0,0,0,0,92,12,11,58,dui
0,0,0,0,94,12,14,56,dui
0,0,0,0,92,12,12,56,dui
0,0,0,0,92,12,11,58,dui
0,0,0,0,92,12,11,58,dui
0,0,0,0,90,12,11,58,dui
0,0,0,0,94,12,9,56,dui
0,0,0,0,92,17,11,56,dui
0,0,0,0,94,20,11,56,dui
0,0,0,0,94,20,11,56,dui
0,0,0,0,94,20,11,56,dui
0,0,0,0,94,18,11,54,dui
0,0,0,0,94,18,12,54,dui
0,0,0,0,95,18,12,53,dui
0,0,0,0,95,18,12,53,dui
0,0,0,0,95,18,11,54,dui
0,0,0,0,92,18,11,54,dui
0,0,0,0,92,12,8,54,dui
0,0,0,0,92,12,6,56,dui
0,0,0,0,89,12,6,58,dui
0,0,0,0,89,12,4,58,dui
0,0,0,0,87,13,4,61,dui
0,0,0,0,85,13,3,61,dui
0,0,0,0,85,13,4,59,dui
0,0,0,0,85,13,3,59,dui
0,0,0,0,89,13,3,56,dui
0,0,0,0,89,13,3,56,dui
0,0,0,0,89,16,6,56,dui
0,0,0,0,89,16,6,54,dui
0,0,0,0,90,15,6,53,dui
0,0,0,0,92,15,8,53,dui
0,0,0,0,94,15,6,50,dui
0,0,0,0,94,15,8,50,dui
0,0,0,0,92,15,6,51,dui
0,0,0,0,92,15,6,53,dui
0,0,0,0,89,15,6,56,dui
0,0,0,0,89,13,4,56,dui
0,0,0,0,89,12,4,56,dui
0,0,0,0,89,12,4,58,dui
0,0,0,0,89,12,4,59,dui
0,0,0,0,87,13,4,58,dui
0,0,0,0,87,13,4,58,dui
0,0,0,0,87,15,3,59,dui
0,0,0,0,87,15,4,54,dui
0,0,0,0,89,13,4,53,dui
0,0,0,0,89,13,4,51,dui
0,0,0,0,87,15,4,46,dui
0,0,0,0,87,15,4,45,dui
0,0,0,0,89,16,4,43,dui
0,0,0,0,89,16,4,45,dui
0,0,0,0,90,16,3,46,dui
0,0,0,0,89,15,4,48,dui
0,0,0,0,89,15,4,43,dui
0,0,0,0,89,15,4,46,dui
0,0,0,0,92,15,3,46,dui
0,0,0,0,92,15,4,46,dui
0,0,0,0,94,15,4,51,dui
0,0,0,0,94,16,6,53,dui
0,0,0,0,92,15,8,45,dui
0,0,0,0,92,15,8,43,dui
0,0,0,0,92,15,9,42,dui
0,0,0,0,94,15,9,42,dui
0,0,0,0,94,15,11,45,dui
0,0,0,0,92,15,11,46,dui
0,0,0,0,89,15,11,48,dui
0,0,0,0,90,15,12,50,dui
0,0,0,0,90,13,12,48,dui
0,0,0,0,89,13,12,48,dui
0,0,0,0,90,13,11,58,dui
0,0,0,0,90,15,11,58,dui
0,0,0,0,90,15,9,58,dui
0,0,0,0,90,16,9,58,dui
0,0,0,0,90,16,9,59,dui
0,0,0,0,92,16,9,59,dui
0,0,0,0,90,16,9,58,dui
0,0,0,0,90,16,6,58,dui
0,0,0,0,90,16,6,58,dui
0,0,0,0,90,16,4,56,dui
0,0,0,0,90,16,6,54,dui
0,0,0,0,90,15,6,54,dui
0,0,0,0,98,15,6,58,dui
0,0,0,0,98,15,8,56,dui
0,0,0,0,98,15,6,56,dui
0,0,0,0,98,15,6,56,dui
0,0,0,0,98,15,8,58,dui
0,0,0,0,100,15,9,58,dui
0,0,0,0,100,15,9,56,dui
0,0,0,0,98,13,11,58,dui
0,0,0,0,98,15,9,61,dui
0,0,0,0,98,15,11,59,dui
0,0,0,0,90,15,11,58,dui
0,0,0,0,90,15,9,59,dui
0,0,0,0,89,16,11,59,dui
0,0,0,0,89,16,11,63,dui
0,0,0,0,89,16,12,59,dui
0,0,0,0,87,16,9,59,dui
0,0,0,0,87,17,9,63,dui
0,0,0,0,85,17,9,61,dui
0,0,0,0,85,17,9,59,dui
0,0,0,0,85,17,9,58,dui
0,0,0,0,87,18,9,63,dui
0,0,0,0,85,18,9,59,dui
0,0,0,0,84,18,9,59,dui
0,0,0,0,85,20,11,54,dui
0,0,0,0,85,18,8,58,dui
0,0,0,0,87,18,8,56,dui
0,0,0,0,87,18,8,56,dui
0,0,0,0,87,17,11,54,dui
0,0,0,0,87,16,9,56,dui
0,0,0,0,87,16,8,56,dui
0,0,0,0,87,15,6,53,dui
0,0,0,0,89,12,6,53,dui
0,0,0,0,90,11,8,54,dui
0,0,0,0,90,11,6,56,dui
0,0,0,0,90,11,6,54,dui
0,0,0,0,90,11,8,56,dui
0,0,0,0,90,11,8,58,dui
0,0,0,0,92,11,4,59,dui
0,0,0,0,92,12,6,59,dui
0,0,0,0,92,13,6,61,dui
0,0,0,0,92,13,6,59,dui
0,0,0,0,92,15,8,61,dui
0,0,0,0,90,15,6,61,dui
0,0,0,0,89,16,6,61,dui
0,0,0,0,87,15,8,63,dui
0,0,0,0,87,16,6,63,dui
0,0,0,0,87,15,8,63,dui
0,0,0,0,87,16,8,63,dui
0,0,0,0,89,16,8,63,dui
0,0,0,0,89,15,8,59,dui
0,0,0,0,87,16,8,63,dui
0,0,0,0,87,16,6,59,dui
0,0,0,0,89,16,6,59,dui
0,0,0,0,89,15,11,58,dui
0,0,0,0,89,15,9,56,dui
0,0,0,0,87,15,11,56,dui
0,0,0,0,87,15,11,54,dui
0,0,0,0,87,15,9,54,dui
0,0,0,0,85,15,12,58,dui
0,0,0,0,84,15,11,58,dui
0,0,0,0,85,13,12,56,dui
0,0,0,0,85,13,12,59,dui
0,0,0,0,85,13,14,58,dui
0,0,0,0,85,13,11,56,dui
0,0,0,0,87,13,11,58,dui
0,0,0,0,82,13,11,58,dui
0,0,0,0,82,13,9,58,dui
0,0,0,0,85,13,9,59,dui
0,0,0,0,84,13,8,54,dui
0,0,0,0,85,15,9,54,dui
0,0,0,0,85,15,9,54,dui
0,0,0,0,85,15,9,53,dui
0,0,0,0,85,15,9,54,dui
0,0,0,0,85,15,9,56,dui
0,0,0,0,84,15,9,54,dui
0,0,0,0,90,16,8,56,dui
0,0,0,0,92,17,9,54,dui
0,0,0,0,89,16,11,53,dui
0,0,0,0,89,16,11,53,dui
0,0,0,0,89,16,12,54,dui
0,0,0,0,90,16,12,54,dui
0,0,0,0,90,16,14,58,dui
0,0,0,0,92,16,16,58,dui
0,0,0,0,92,16,14,56,dui
0,0,0,0,92,16,17,58,dui
0,0,0,0,92,15,19,56,dui
0,0,0,0,90,15,20,58,dui
0,0,0,0,92,16,22,58,dui
0,0,0,0,94,16,24,58,dui
0,0,0,0,94,15,24,54,dui
0,0,0,0,94,13,25,56,dui
0,0,0,0,92,13,25,54,dui
0,0,0,0,94,13,24,54,dui
0,0,0,0,94,13,25,53,dui
0,0,0,0,94,13,20,51,dui
0,0,0,0,97,13,19,53,dui
0,0,0,0,97,13,19,51,dui
0,0,0,0,95,12,17,51,dui
0,0,0,0,94,13,19,54,dui
0,0,0,0,94,12,16,54,dui
0,0,0,0,94,12,14,50,dui
0,0,0,0,95,12,16,50,dui
0,0,0,0,94,12,14,50,dui
0,0,0,0,94,12,12,51,dui
0,0,0,0,94,11,14,51,dui
0,0,0,0,92,11,14,51,dui
0,0,0,0,92,11,14,53,dui
0,0,0,0,90,11,12,54,dui
0,0,0,0,90,11,11,53,dui
0,0,0,0,89,11,11,54,dui
0,0,0,0,89,12,12,58,dui
0,0,0,0,85,12,9,58,dui
0,0,0,0,85,12,11,58,dui
0,0,0,0,85,12,14,58,dui
0,0,0,0,85,12,17,58,dui
0,0,0,0,87,12,19,58,dui
0,0,0,0,87,12,25,58,dui
0,0,0,0,89,12,27,58,dui
0,0,0,0,89,12,25,59,dui
0,0,0,0,90,12,25,56,dui
0,0,0,0,90,12,25,56,dui
0,0,0,0,92,12,28,58,dui
0,0,0,0,92,12,28,58,dui
0,0,0,0,92,12,28,59,dui
0,0,0,0,92,12,30,58,dui
0,0,0,0,92,12,28,58,dui
0,0,0,0,92,12,22,56,dui
0,0,0,0,90,12,25,53,dui
0,0,0,0,90,13,27,53,dui
0,0,0,0,90,13,27,53,dui
0,0,0,0,89,13,27,53,dui
0,0,0,0,89,13,25,51,dui
0,0,0,0,87,13,24,51,dui
0,0,0,0,87,13,24,51,dui
0,0,0,0,87,12,24,51,dui
0,0,0,0,87,12,25,51,dui
0,0,0,0,87,12,24,51,dui
0,0,0,0,89,13,19,53,dui
0,0,0,0,89,15,19,51,dui
0,0,0,0,89,13,19,53,dui
0,0,0,0,90,15,19,51,dui
0,0,0,0,90,13,19,53,dui
0,0,0,0,92,13,16,53,dui
0,0,0,0,92,13,16,54,dui
0,0,0,0,85,13,14,54,dui
0,0,0,0,85,13,12,53,dui
0,0,0,0,85,13,14,54,dui
0,0,0,0,85,13,14,58,dui
0,0,0,0,85,12,14,58,dui
0,0,0,0,84,12,14,58,dui
0,0,0,0,84,11,12,58,dui
0,0,0,0,82,11,11,58,dui
0,0,0,0,82,12,11,58,dui
0,0,0,0,87,12,11,54,dui
0,0,0,0,92,12,9,54,dui
0,0,0,0,94,11,9,56,dui
0,0,0,0,94,11,9,56,dui
0,0,0,0,94,11,9,51,dui
0,0,0,0,94,11,9,53,dui
0,0,0,0,94,11,8,53,dui
0,0,0,0,94,13,9,53,dui
0,0,0,0,94,12,11,53,dui
0,0,0,0,95,12,12,53,dui
0,0,0,0,82,13,14,53,dui
0,0,0,0,84,13,17,53,dui
0,0,0,0,85,15,17,51,dui
0,0,0,0,85,15,17,51,dui
0,0,0,0,87,16,19,51,dui
0,0,0,0,85,16,19,50,dui
0,0,0,0,85,15,22,51,dui
0,0,0,0,85,15,22,51,dui
0,0,0,0,85,15,22,51,dui
0,0,0,0,84,16,22,51,dui
0,0,0,0,92,15,20,53,dui
0,0,0,0,90,15,20,53,dui
0,0,0,0,89,13,20,54,dui
0,0,0,0,89,13,20,53,dui
0,0,0,0,89,12,19,53,dui
0,0,0,0,87,12,19,53,dui
0,0,0,0,87,12,16,51,dui
0,0,0,0,87,13,14,53,dui
0,0,0,0,87,13,14,51,dui
0,0,0,0,87,12,12,53,dui
0,0,0,0,87,11,14,50,dui
0,0,0,0,89,11,14,51,dui
0,0,0,0,87,11,12,48,dui
0,0,0,0,84,11,12,50,dui
0,0,0,0,84,11,11,48,dui
0,0,0,0,85,12,11,50,dui
0,0,0,0,85,12,12,50,dui
0,0,0,0,85,12,12,50,dui
0,0,0,0,89,12,12,48,dui
0,0,0,0,87,11,12,48,dui
0,0,0,0,87,12,12,50,dui
0,0,0,0,89,12,11,50,dui
0,0,0,0,89,12,14,51,dui
0,0,0,0,92,12,14,51,dui
0,0,0,0,90,12,14,51,dui
0,0,0,0,90,12,16,53,dui
0,0,0,0,90,12,16,51,dui
0,0,0,0,90,12,12,53,dui
0,0,0,0,85,12,14,53,dui
0,0,0,0,85,13,14,51,dui
0,0,0,0,85,13,14,51,dui
0,0,0,0,85,12,14,51,dui
0,0,0,0,87,12,14,50,dui
0,0,0,0,87,13,12,48,dui
0,0,0,0,87,13,12,48,dui
0,0,0,0,87,13,12,50,dui
0,0,0,0,87,13,11,50,dui
0,0,0,0,85,12,14,48,dui
0,0,0,0,87,12,12,48,dui
0,0,0,0,85,12,11,48,dui
0,0,0,0,85,12,9,48,dui
0,0,0,0,85,11,9,50,dui
0,0,0,0,84,12,9,50,dui
0,0,0,0,82,12,12,50,dui
0,0,0,0,85,11,14,51,dui
0,0,0,0,84,11,14,50,dui
0,0,0,0,84,11,14,50,dui
0,0,0,0,85,12,14,51,dui
0,0,0,0,84,12,16,51,dui
0,0,0,0,89,12,17,51,dui
0,0,0,0,89,12,20,53,dui
0,0,0,0,90,13,22,51,dui
0,0,0,0,94,13,22,51,dui
0,0,0,0,94,13,22,53,dui
0,0,0,0,90,13,20,53,dui
0,0,0,0,92,13,20,53,dui
0,0,0,0,94,12,20,54,dui
0,0,0,0,92,10,20,53,dui
0,0,0,0,94,11,19,54,dui
0,0,0,0,90,11,17,54,dui
0,0,0,0,89,10,16,54,dui
0,0,0,0,89,10,14,54,dui
0,0,0,0,87,8,14,54,dui
0,0,0,0,87,8,12,53,dui
0,0,0,0,87,8,12,51,dui
0,0,0,0,87,8,12,51,dui
0,0,0,0,87,5,12,51,dui
0,0,0,0,87,6,11,51,dui
0,0,0,0,85,6,11,51,dui
0,0,0,0,84,6,11,51,dui
0,0,0,0,84,6,12,50,dui
0,0,0,0,85,6,12,51,dui
0,0,0,0,85,6,12,51,dui
0,0,0,0,85,7,12,53,dui
0,0,0,0,85,7,11,53,dui
0,0,0,0,85,7,11,53,dui
0,0,0,0,87,11,9,53,dui
0,0,0,0,89,11,12,53,dui
0,0,0,0,89,12,14,53,dui
0,0,0,0,90,12,14,51,dui
0,0,0,0,90,12,11,51,dui
0,0,0,0,94,12,12,50,dui
0,0,0,0,95,12,14,50,dui
0,0,0,0,92,12,14,50,dui
0,0,0,0,94,12,14,50,dui
0,0,0,0,92,13,16,50,dui
0,0,0,0,98,12,19,50,dui
0,0,0,0,97,12,17,48,dui
0,0,0,0,98,12,19,50,dui
0,0,0,0,98,12,19,50,dui
0,0,0,0,98,12,20,50,dui
0,0,0,0,97,13,17,48,dui
0,0,0,0,97,12,16,45,dui
0,0,0,0,100,12,16,45,dui
0,0,0,0,98,12,16,46,dui
0,0,0,0,98,12,16,46,dui
0,0,0,0,92,12,14,46,dui
0,0,0,0,92,12,14,46,dui
0,0,0,0,92,12,12,46,dui
0,0,0,0,94,12,12,51,dui
0,0,0,0,92,12,9,51,dui
0,0,0,0,90,12,11,54,dui
0,0,0,0,90,12,11,58,dui
0,0,0,0,90,12,11,58,dui
0,0,0,0,87,12,11,56,dui
0,0,0,0,87,12,11,58,dui
0,0,0,0,87,12,11,56,dui
0,0,0,0,87,12,12,56,dui
0,0,0,0,87,12,12,56,dui
0,0,0,0,87,11,14,51,dui
0,0,0,0,87,11,16,48,dui
0,0,0,0,85,11,14,48,dui
0,0,0,0,85,11,14,46,dui
0,0,0,0,85,11,16,46,dui
0,0,0,0,89,11,16,42,dui
0,0,0,0,89,11,16,42,dui
0,0,0,0,87,11,12,42,dui
0,0,0,0,87,11,11,42,dui
0,0,0,0,87,11,11,42,dui
0,0,0,0,85,11,9,42,dui
0,0,0,0,84,12,9,45,dui
0,0,0,0,85,12,9,46,dui
0,0,0,0,85,12,9,46,dui
0,0,0,0,87,12,9,45,dui
0,0,0,0,87,12,4,50,dui
0,0,0,0,87,12,3,50,dui
0,0,0,0,89,12,4,50,dui
0,0,0,0,89,12,4,50,dui
0,0,0,0,89,16,4,51,dui
0,0,0,0,90,17,6,58,dui
0,0,0,0,90,16,6,56,dui
0,0,0,0,90,16,6,54,dui
0,0,0,0,90,16,4,56,dui
0,0,0,0,89,16,4,56,dui
0,0,0,0,87,16,6,58,dui
0,0,0,0,87,16,8,58,dui
0,0,0,0,85,16,8,58,dui
0,0,0,0,85,16,9,56,dui
0,0,0,0,8,0,48,72,teen
0,0,0,0,4,0,44,72,teen
0,0,0,0,3,0,44,72,teen
0,0,0,0,3,0,43,72,teen
0,0,0,0,3,0,38,74,teen
0,0,0,0,1,0,35,72,teen
0,0,0,0,0,0,33,71,teen
0,0,0,0,0,0,32,71,teen
0,0,0,0,0,0,30,72,teen
0,0,0,0,0,0,28,71,teen
0,0,0,0,0,0,27,69,teen
0,0,0,0,0,0,27,69,teen
0,0,0,0,0,0,25,69,teen
0,0,0,0,0,0,24,63,teen
0,0,0,0,0,0,25,63,teen
0,0,0,0,0,0,25,64,teen
0,0,0,0,0,0,25,66,teen
0,0,0,0,0,0,25,66,teen
0,0,0,0,0,0,27,64,teen
0,0,0,0,1,0,25,64,teen
0,0,0,0,0,0,27,64,teen
0,0,0,0,1,0,28,66,teen
0,0,0,0,1,0,28,69,teen
0,0,0,0,3,1,28,74,teen
0,0,0,0,3,1,28,74,teen
0,0,0,0,3,1,28,74,teen
0,0,0,0,1,1,27,74,teen
0,0,0,0,3,1,27,77,teen
0,0,0,0,1,1,28,77,teen
0,0,0,0,11,1,28,77,teen
0,0,0,0,12,1,27,75,teen
0,0,0,0,12,2,22,75,teen
0,0,0,0,14,2,22,72,teen
0,0,0,0,12,1,22,71,teen
0,0,0,0,14,1,24,71,teen
0,0,0,0,14,1,24,71,teen
0,0,0,0,14,1,25,71,teen
0,0,0,0,12,1,25,67,teen
0,0,0,0,11,1,22,66,teen
0,0,0,0,0,0,24,66,teen
0,0,0,0,0,0,25,66,teen
0,0,0,0,0,0,28,64,teen
0,0,0,0,3,0,28,64,teen
0,0,0,0,3,0,32,58,teen
0,0,0,0,1,0,33,58,teen
0,0,0,0,1,0,32,58,teen
0,0,0,0,1,0,33,58,teen
0,0,0,0,4,1,30,58,teen
0,0,0,0,6,0,30,58,teen
0,0,0,0,8,0,28,58,teen
0,0,0,0,6,0,27,61,teen
0,0,0,0,6,1,25,63,teen
0,0,0,0,0,1,25,63,teen
0,0,0,0,0,3,24,71,teen
0,0,0,0,1,3,19,71,teen
0,0,0,0,0,2,19,71,teen
0,0,0,0,1,1,16,69,teen
0,0,0,0,0,0,17,67,teen
0,0,0,0,0,0,19,69,teen
0,0,0,0,0,0,19,71,teen
0,0,0,0,0,0,20,69,teen
0,0,0,0,1,0,17,72,teen
0,0,0,0,0,0,17,72,teen
0,0,0,0,1,0,14,72,teen
0,0,0,0,0,0,14,74,teen
0,0,0,0,0,0,14,74,teen
0,0,0,0,0,1,16,72,teen
0,0,0,0,0,3,16,74,teen
0,0,0,0,0,3,14,71,teen
0,0,0,0,0,3,14,69,teen
0,0,0,0,0,3,14,69,teen
0,0,0,0,0,2,16,66,teen
0,0,0,0,0,3,16,66,teen
0,0,0,0,1,2,19,66,teen
0,0,0,0,4,2,20,64,teen
0,0,0,0,3,3,22,66,teen
0,0,0,0,0,0,22,66,teen
0,0,0,0,0,0,22,67,teen
0,0,0,0,0,0,22,67,teen
0,0,0,0,1,0,24,67,teen
0,0,0,0,0,0,22,64,teen
0,0,0,0,1,0,22,66,teen
0,0,0,0,1,0,20,64,teen
0,0,0,0,0,0,19,63,teen
0,0,0,0,0,0,19,63,teen
0,0,0,0,0,0,19,63,teen
0,0,0,0,3,0,19,61,teen
0,0,0,0,3,0,19,61,teen
0,0,0,0,1,0,20,61,teen
0,0,0,0,1,0,20,61,teen
0,0,0,0,0,0,22,63,teen
0,0,0,0,0,0,24,63,teen
0,0,0,0,0,0,24,63,teen
0,0,0,0,0,0,25,64,teen
0,0,0,0,0,0,25,64,teen
0,0,0,0,0,0,27,64,teen
0,0,0,0,0,0,27,64,teen
0,0,0,0,0,0,27,64,teen
0,0,0,0,0,0,27,66,teen
0,0,0,0,0,0,27,66,teen
0,0,0,0,0,0,25,67,teen
0,0,0,0,0,0,24,66,teen
0,0,0,0,0,0,22,64,teen
0,0,0,0,0,0,20,63,teen
0,0,0,0,0,0,22,61,teen
0,0,0,0,1,0,19,61,teen
0,0,0,0,0,0,19,61,teen
0,0,0,0,0,0,17,61,teen
0,0,0,0,4,0,20,61,teen
0,0,0,0,4,0,19,59,teen
0,0,0,0,4,0,19,61,teen
0,0,0,0,4,0,20,59,teen
0,0,0,0,4,0,22,61,teen
0,0,0,0,3,0,22,61,teen
0,0,0,0,4,0,22,66,teen
0,0,0,0,3,0,22,66,teen
0,0,0,0,3,0,24,67,teen
0,0,0,0,3,0,24,67,teen
0,0,0,0,0,0,20,66,teen
0,0,0,0,0,1,22,67,teen
0,0,0,0,0,0,22,64,teen
0,0,0,0,0,1,20,64,teen
0,0,0,0,0,1,20,69,teen
0,0,0,0,0,1,20,67,teen
0,0,0,0,0,1,20,63,teen
0,0,0,0,0,0,20,61,teen
0,0,0,0,0,0,19,61,teen
0,0,0,0,0,0,17,61,teen
0,0,0,0,0,0,17,59,teen
0,0,0,0,0,0,16,59,teen
0,0,0,0,0,0,16,63,teen
0,0,0,0,0,0,16,63,teen
0,0,0,0,0,0,16,58,teen
0,0,0,0,0,0,16,58,teen
0,0,0,0,0,0,14,59,teen
0,0,0,0,1,0,14,59,teen
0,0,0,0,1,0,16,59,teen
0,0,0,0,3,0,17,59,teen
0,0,0,0,4,0,16,61,teen
0,0,0,0,4,0,16,63,teen
0,0,0,0,4,0,12,63,teen
0,0,0,0,4,0,14,61,teen
0,0,0,0,0,0,14,63,teen
0,0,0,0,0,0,14,64,teen
0,0,0,0,0,0,16,64,teen
0,0,0,0,0,0,16,64,teen
0,0,0,0,0,0,16,64,teen
0,0,0,0,0,0,19,63,teen
0,0,0,0,0,0,19,63,teen
0,0,0,0,0,0,20,61,teen
0,0,0,0,0,1,20,61,teen
0,0,0,0,0,0,20,61,teen
0,0,0,0,0,0,19,59,teen
0,0,0,0,0,1,20,54,teen
0,0,0,0,0,0,20,58,teen
0,0,0,0,0,0,20,58,teen
0,0,0,0,0,1,19,59,teen
0,0,0,0,0,1,17,59,teen
0,0,0,0,0,1,17,61,teen
0,0,0,0,0,1,17,61,teen
0,0,0,0,0,1,16,63,teen
0,0,0,0,0,2,11,63,teen
0,0,0,0,0,1,14,64,teen
0,0,0,0,0,1,14,66,teen
0,0,0,0,0,2,14,66,teen
0,0,0,0,0,1,12,66,teen
0,0,0,0,0,2,14,66,teen
0,0,0,0,0,1,12,64,teen
0,0,0,0,0,1,12,66,teen
0,0,0,0,0,2,14,64,teen
0,0,0,0,0,2,14,64,teen
0,0,0,0,0,1,17,64,teen
0,0,0,0,0,1,16,64,teen
0,0,0,0,1,2,16,63,teen
0,0,0,0,0,1,16,63,teen
0,0,0,0,0,1,16,64,teen
0,0,0,0,0,0,16,64,teen
0,0,0,0,0,0,14,64,teen
0,0,0,0,0,0,16,64,teen
0,0,0,0,0,0,14,64,teen
0,0,0,0,0,0,14,64,teen
0,0,0,0,0,0,14,63,teen
0,0,0,0,0,0,14,64,teen
0,0,0,0,0,0,14,66,teen
0,0,0,0,0,0,16,66,teen
0,0,0,0,0,0,16,64,teen
0,0,0,0,0,0,16,63,teen
0,0,0,0,0,0,17,63,teen
0,0,0,0,0,0,17,63,teen
0,0,0,0,0,0,24,61,teen
0,0,0,0,0,0,25,61,teen
0,0,0,0,1,0,24,63,teen
0,0,0,0,0,0,24,61,teen
0,0,0,0,0,0,24,56,teen
0,0,0,0,0,0,25,56,teen
0,0,0,0,0,0,24,58,teen
0,0,0,0,0,0,25,58,teen
0,0,0,0,0,0,25,56,teen
0,0,0,0,0,0,24,56,teen
0,0,0,0,3,0,19,58,teen
0,0,0,0,3,0,17,56,teen
0,0,0,0,1,0,19,58,teen
0,0,0,0,1,0,17,58,teen
0,0,0,0,0,0,17,63,teen
0,0,0,0,1,0,17,64,teen
0,0,0,0,1,0,19,63,teen
0,0,0,0,1,0,19,64,teen
0,0,0,0,0,0,20,63,teen
0,0,0,0,0,0,20,61,teen
0,0,0,0,0,0,20,61,teen
0,0,0,0,0,0,19,63,teen
0,0,0,0,0,0,19,63,teen
0,0,0,0,0,2,19,63,teen
0,0,0,0,0,2,17,59,teen
0,0,0,0,0,2,17,59,teen
0,0,0,0,0,0,16,61,teen
0,0,0,0,0,0,16,59,teen
0,0,0,0,0,0,14,59,teen
0,0,0,0,0,0,12,61,teen
0,0,0,0,0,0,17,61,teen
0,0,0,0,0,0,19,59,teen
0,0,0,0,0,0,19,59,teen
0,0,0,0,0,0,20,59,teen
0,0,0,0,0,0,20,59,teen
0,0,0,0,0,0,19,59,teen
0,0,0,0,0,0,19,59,teen
0,0,0,0,0,0,17,59,teen
0,0,0,0,0,0,20,61,teen
0,0,0,0,0,0,19,59,teen
0,0,0,0,0,0,16,59,teen
0,0,0,0,0,0,16,59,teen
0,0,0,0,0,0,17,58,teen
0,0,0,0,0,0,16,58,teen
0,0,0,0,0,0,16,56,teen
0,0,0,0,0,0,17,54,teen
0,0,0,0,0,0,17,56,teen
0,0,0,0,0,0,17,56,teen
0,0,0,0,0,0,16,54,teen
0,0,0,0,0,0,17,54,teen
0,0,0,0,0,0,17,53,teen
0,0,0,0,0,0,16,54,teen
0,0,0,0,0,0,14,54,teen
0,0,0,0,0,0,16,53,teen
0,0,0,0,0,0,16,54,teen
0,0,0,0,0,0,16,54,teen
0,0,0,0,0,0,14,54,teen
0,0,0,0,0,0,16,56,teen
0,0,0,0,0,0,17,54,teen
0,0,0,0,0,0,14,56,teen
0,0,0,0,0,0,14,58,teen
0,0,0,0,0,0,14,58,teen
0,0,0,0,0,0,16,59,teen
0,0,0,0,0,0,16,59,teen
0,0,0,0,0,0,17,63,teen
0,0,0,0,0,0,17,61,teen
0,0,0,0,0,0,17,64,teen
0,0,0,0,0,2,20,63,teen
0,0,0,0,0,1,19,64,teen
0,0,0,0,0,0,20,64,teen
0,0,0,0,0,0,20,64,teen
0,0,0,0,0,0,20,64,teen
0,0,0,0,0,0,17,64,teen
0,0,0,0,0,0,17,64,teen
0,0,0,0,0,0,17,64,teen
0,0,0,0,0,0,19,66,teen
0,0,0,0,0,0,17,63,teen
0,0,0,0,0,0,17,63,teen
0,0,0,0,0,0,17,63,teen
0,0,0,0,0,0,16,61,teen
0,0,0,0,0,0,17,63,teen
0,0,0,0,0,0,17,63,teen
0,0,0,0,1,0,17,58,teen
0,0,0,0,0,0,19,58,teen
0,0,0,0,0,0,17,58,teen
0,0,0,0,0,0,17,58,teen
0,0,0,0,0,0,19,56,teen
0,0,0,0,0,0,16,56,teen
0,0,0,0,0,0,16,54,teen
0,0,0,0,0,0,17,54,teen
0,0,0,0,0,0,16,53,teen
0,0,0,0,0,0,16,54,teen
0,0,0,0,0,0,16,58,teen
0,0,0,0,0,0,17,61,teen
0,0,0,0,0,0,16,61,teen
0,0,0,0,0,0,17,61,teen
0,0,0,0,0,0,17,63,teen
0,0,0,0,0,0,19,64,teen
0,0,0,0,0,0,17,58,teen
0,0,0,0,0,0,17,59,teen
0,0,0,0,0,0,19,61,teen
0,0,0,0,0,0,19,59,teen
0,0,0,0,0,0,19,58,teen
0,0,0,0,0,0,19,53,teen
0,0,0,0,0,0,20,51,teen
0,0,0,0,0,0,20,53,teen
0,0,0,0,0,2,17,53,teen
0,0,0,0,0,2,17,53,teen
0,0,0,0,0,1,19,58,teen
0,0,0,0,0,1,17,56,teen
0,0,0,0,0,3,17,56,teen
0,0,0,0,0,3,17,53,teen
0,0,0,0,0,3,16,56,teen
0,0,0,0,0,2,19,56,teen
0,0,0,0,0,2,19,63,teen
0,0,0,0,0,2,19,61,teen
0,0,0,0,0,1,20,59,teen
0,0,0,0,0,3,20,56,teen
0,0,0,0,0,3,19,58,teen
0,0,0,0,0,3,20,56,teen
0,0,0,0,0,1,22,59,teen
0,0,0,0,0,1,20,63,teen
0,0,0,0,0,2,22,61,teen
0,0,0,0,0,2,17,61,teen
0,0,0,0,0,2,16,59,teen
0,0,0,0,0,2,16,61,teen
0,0,0,0,0,2,16,61,teen
0,0,0,0,0,0,17,63,teen
0,0,0,0,0,0,19,63,teen
0,0,0,0,0,0,17,63,teen
0,0,0,0,0,0,14,59,teen
0,0,0,0,0,0,16,61,teen
0,0,0,0,0,0,16,61,teen
0,0,0,0,0,0,16,59,teen
0,0,0,0,0,0,16,58,teen
0,0,0,0,0,0,16,54,teen
0,0,0,0,0,0,17,56,teen
0,0,0,0,0,0,16,58,teen
0,0,0,0,0,0,12,59,teen
0,0,0,0,0,0,12,59,teen
0,0,0,0,0,0,14,59,teen
0,0,0,0,0,0,14,59,teen
0,0,0,0,0,0,16,67,teen
0,0,0,0,0,0,14,69,teen
0,0,0,0,0,0,16,71,teen
0,0,0,0,0,0,16,71,teen
0,0,0,0,0,0,14,69,teen
0,0,0,0,0,0,16,71,teen
0,0,0,0,0,0,17,69,teen
0,0,0,0,0,0,19,67,teen
0,0,0,0,0,0,19,67,teen
0,0,0,0,0,0,17,67,teen
0,0,0,0,0,0,16,58,teen
0,0,0,0,0,0,17,56,teen
0,0,0,0,0,0,16,58,teen
0,0,0,0,0,0,16,59,teen
0,0,0,0,0,0,16,59,teen
0,0,0,0,0,0,14,59,teen
0,0,0,0,0,0,14,59,teen
0,0,0,0,0,0,14,59,teen
0,0,0,0,0,0,16,59,teen
0,0,0,0,0,0,17,59,teen
0,0,0,0,0,0,19,61,teen
0,0,0,0,0,0,17,61,teen
0,0,0,0,0,0,19,61,teen
0,0,0,0,0,0,19,61,teen
0,0,0,0,0,0,19,63,teen
0,0,0,0,0,0,19,63,teen
0,0,0,0,0,0,17,61,teen
0,0,0,0,0,0,17,61,teen
0,0,0,0,0,0,16,64,teen
0,0,0,0,0,0,16,63,teen
0,0,0,0,0,0,14,63,teen
0,0,0,0,0,0,14,64,teen
0,0,0,0,0,1,12,64,teen
0,0,0,0,0,1,12,63,teen
0,0,0,0,0,1,12,61,teen
0,0,0,0,0,1,14,59,teen
0,0,0,0,0,1,14,58,teen
0,0,0,0,0,1,12,59,teen
0,0,0,0,0,1,16,58,teen
0,0,0,0,0,1,12,58,teen
0,0,0,0,0,0,14,58,teen
0,0,0,0,0,0,14,56,teen
0,0,0,0,0,0,14,54,teen
0,0,0,0,0,0,16,54,teen
0,0,0,0,0,1,16,56,teen
0,0,0,0,0,1,16,56,teen
0,0,0,0,0,1,17,58,teen
0,0,0,0,0,1,17,58,teen
0,0,0,0,0,1,17,58,teen
0,0,0,0,0,0,17,54,teen
0,0,0,0,0,1,17,53,teen
0,0,0,0,0,0,19,53,teen
0,0,0,0,0,0,17,54,teen
0,0,0,0,0,0,17,56,teen
0,0,0,0,0,0,19,54,teen
0,0,0,0,0,0,22,56,teen
0,0,0,0,0,0,22,54,teen
0,0,0,0,0,0,24,54,teen
0,0,0,0,0,0,20,54,teen
0,0,0,0,0,0,20,56,teen
0,0,0,0,0,0,20,56,teen
0,0,0,0,0,0,20,50,teen
0,0,0,0,0,0,20,48,teen
0,0,0,0,0,0,19,45,teen
0,0,0,0,0,0,19,43,teen
0,0,0,0,0,0,14,43,teen
0,0,0,0,0,0,12,45,teen
0,0,0,0,0,0,12,45,teen
0,0,0,0,0,0,14,45,teen
0,0,0,0,0,0,17,45,teen
0,0,0,0,0,0,16,46,teen
0,0,0,0,0,0,16,51,teen
0,0,0,0,0,0,17,53,teen
0,0,0,0,0,0,19,54,teen
0,0,0,0,0,0,19,54,teen
0,0,0,0,0,0,17,56,teen
0,0,0,0,0,0,22,54,teen
0,0,0,0,0,0,24,54,teen
0,0,0,0,0,0,22,56,teen
0,0,0,0,0,0,20,56,teen
0,0,0,0,0,0,25,54,teen
0,0,0,0,0,0,27,58,teen
0,0,0,0,0,0,27,56,teen
0,0,0,0,0,0,27,56,teen
0,0,0,0,0,2,28,58,teen
0,0,0,0,0,2,30,58,teen
0,0,0,0,0,2,28,58,teen
0,0,0,0,0,2,28,59,teen
0,0,0,0,0,2,30,59,teen
0,0,0,0,0,2,30,58,teen
0,0,0,0,0,1,25,58,teen
0,0,0,0,0,1,17,56,teen
0,0,0,0,0,2,19,59,teen
0,0,0,0,0,1,17,59,teen
0,0,0,0,0,0,14,61,teen
0,0,0,0,0,0,14,59,teen
0,0,0,0,0,0,14,59,teen
0,0,0,0,0,1,12,59,teen
0,0,0,0,0,1,11,58,teen
0,0,0,0,0,0,12,58,teen
0,0,0,0,0,0,12,61,teen
0,0,0,0,0,1,19,61,teen
0,0,0,0,0,1,19,59,teen
0,0,0,0,0,0,17,61,teen
0,0,0,0,0,5,17,61,teen
0,0,0,0,0,5,16,59,teen
0,0,0,0,0,5,17,59,teen
0,0,0,0,0,5,19,59,teen
0,0,0,0,0,5,19,53,teen
0,0,0,0,0,6,19,53,teen
0,0,0,0,0,6,22,51,teen
0,0,0,0,0,5,22,53,teen
0,0,0,0,0,3,22,53,teen
0,0,0,0,0,5,22,51,teen
0,0,0,0,0,0,22,53,teen
0,0,0,0,0,0,22,53,teen
0,0,0,0,0,0,20,54,teen
0,0,0,0,0,0,19,54,teen
0,0,0,0,0,0,19,59,teen
0,0,0,0,0,0,19,59,teen
0,0,0,0,0,0,19,59,teen
0,0,0,0,0,0,19,58,teen
0,0,0,0,0,1,19,56,teen
0,0,0,0,0,0,19,56,teen
0,0,0,0,0,1,19,54,teen
0,0,0,0,0,0,20,46,teen
0,0,0,0,0,0,20,45,teen
0,0,0,0,0,0,20,46,teen
0,0,0,0,0,0,20,48,teen
0,0,0,0,0,0,19,48,teen
0,0,0,0,0,0,19,48,teen
0,0,0,0,0,1,17,46,teen
0,0,0,0,1,0,17,45,teen
0,0,0,0,0,0,17,43,teen
0,0,0,0,0,0,20,45,teen
0,0,0,0,1,0,20,54,teen
0,0,0,0,1,0,22,54,teen
0,0,0,0,1,0,22,56,teen
0,0,0,0,3,0,19,58,teen
0,0,0,0,1,0,20,59,teen
0,0,0,0,0,0,20,59,teen
0,0,0,0,0,0,20,59,teen
0,0,0,0,0,0,20,61,teen
0,0,0,0,0,0,24,63,teen
0,0,0,0,0,0,16,63,teen
0,0,0,0,0,0,16,61,teen
0,0,0,0,0,0,16,59,teen
0,0,0,0,0,0,14,58,teen
0,0,0,0,0,0,16,54,teen
0,0,0,0,0,0,16,54,teen
0,0,0,0,0,0,16,53,teen
0,0,0,0,0,0,16,53,teen
0,0,0,0,0,0,14,53,teen
0,0,0,0,0,0,11,54,teen
0,0,0,0,0,0,16,53,teen
0,0,0,0,0,0,14,53,teen
0,0,0,0,0,0,14,53,teen
0,0,0,0,0,1,17,54,teen
0,0,0,0,0,1,19,54,teen
0,0,0,0,0,1,19,54,teen
0,0,0,0,0,0,17,58,teen
0,0,0,0,0,0,17,59,teen
0,0,0,0,0,0,20,51,teen
0,0,0,0,0,0,20,50,teen
0,0,0,0,0,0,20,51,teen
0,0,0,0,0,0,22,50,teen
0,0,0,0,0,0,27,51,teen
0,0,0,0,0,0,24,50,teen
0,0,0,0,0,0,24,48,teen
