idxUp,idxLow,midUp,midLow,ringUp,ringLow,thumb,pinky,ax,ay,az,gx,gy,gz,label
0.0,55.0,143.0,113.0,369.0,135.0,33.0,325.0,-0.27,0.92,0.23,0.0,1.0,-2.0,ka
0.0,55.0,141.0,109.0,344.0,123.0,36.0,303.0,-0.27,0.92,0.23,0.0,2.0,-1.0,ka
0.0,55.0,138.0,105.0,316.0,111.0,33.0,284.0,-0.27,0.92,0.23,0.0,2.0,0.0,ka
0.0,55.0,136.0,103.0,294.0,100.0,36.0,260.0,-0.27,0.92,0.23,0.0,2.0,0.0,ka
0.0,55.0,134.0,99.0,268.0,88.0,36.0,238.0,-0.27,0.92,0.23,0.0,1.0,1.0,ka
0.0,55.0,132.0,96.0,246.0,79.0,38.0,221.0,-0.27,0.93,0.23,0.0,1.0,2.0,ka
0.0,55.0,130.0,93.0,221.0,68.0,41.0,200.0,-0.27,0.93,0.22,-1.0,1.0,3.0,ka
0.0,55.0,127.0,90.0,196.0,56.0,41.0,180.0,-0.26,0.93,0.22,-2.0,1.0,4.0,ka
0.0,55.0,125.0,86.0,173.0,46.0,43.0,156.0,-0.26,0.93,0.22,-1.0,2.0,5.0,ka
0.0,55.0,124.0,84.0,151.0,37.0,43.0,139.0,-0.25,0.93,0.22,0.0,2.0,6.0,ka
0.0,55.0,123.0,84.0,148.0,35.0,43.0,137.0,-0.24,0.93,0.23,0.0,2.0,6.0,ka
0.0,57.0,123.0,83.0,148.0,35.0,43.0,137.0,-0.24,0.93,0.22,0.0,2.0,6.0,ka
0.0,57.0,123.0,83.0,148.0,35.0,43.0,137.0,-0.23,0.93,0.23,1.0,1.0,5.0,ka
0.0,57.0,123.0,83.0,148.0,35.0,43.0,134.0,-0.22,0.93,0.22,1.0,0.0,5.0,ka
0.0,57.0,122.0,83.0,145.0,35.0,46.0,134.0,-0.23,0.93,0.22,1.0,0.0,5.0,ka
0.0,57.0,122.0,83.0,148.0,35.0,43.0,134.0,-0.22,0.93,0.22,2.0,-2.0,5.0,ka
0.0,57.0,122.0,83.0,148.0,35.0,43.0,134.0,-0.21,0.92,0.22,2.0,0.0,3.0,ka
0.0,57.0,122.0,83.0,151.0,35.0,43.0,132.0,-0.21,0.93,0.22,2.0,-1.0,2.0,ka
0.0,57.0,122.0,83.0,151.0,35.0,38.0,132.0,-0.21,0.92,0.22,2.0,-1.0,0.0,ka
0.0,57.0,122.0,84.0,148.0,35.0,43.0,132.0,-0.21,0.92,0.22,2.0,-2.0,0.0,ka
0.0,57.0,123.0,84.0,148.0,35.0,43.0,132.0,-0.21,0.92,0.22,1.0,-2.0,0.0,ka
0.0,57.0,123.0,85.0,148.0,35.0,43.0,132.0,-0.21,0.92,0.22,0.0,-2.0,0.0,ka
0.0,59.0,123.0,85.0,148.0,35.0,43.0,134.0,-0.21,0.92,0.21,0.0,-1.0,0.0,ka
0.0,59.0,123.0,85.0,148.0,35.0,38.0,134.0,-0.21,0.92,0.22,0.0,0.0,-1.0,ka
0.0,59.0,124.0,85.0,148.0,35.0,36.0,134.0,-0.19,0.92,0.21,0.0,0.0,-2.0,ka
0.0,61.0,124.0,85.0,145.0,35.0,38.0,134.0,-0.2,0.92,0.22,0.0,2.0,-2.0,ka
0.0,61.0,124.0,86.0,145.0,37.0,36.0,132.0,-0.2,0.93,0.22,0.0,1.0,-1.0,ka
0.0,61.0,124.0,87.0,142.0,35.0,38.0,132.0,-0.21,0.93,0.21,0.0,1.0,0.0,ka
0.0,61.0,123.0,87.0,142.0,35.0,41.0,132.0,-0.2,0.93,0.21,0.0,1.0,1.0,ka
0.0,61.0,123.0,86.0,145.0,35.0,36.0,132.0,-0.2,0.93,0.2,0.0,2.0,1.0,ka
0.0,61.0,122.0,87.0,142.0,35.0,38.0,134.0,-0.19,0.93,0.2,0.0,2.0,1.0,ka
0.0,61.0,122.0,87.0,142.0,35.0,38.0,134.0,-0.19,0.93,0.2,0.0,2.0,1.0,ka
0.0,59.0,123.0,86.0,142.0,35.0,38.0,134.0,-0.19,0.93,0.19,0.0,2.0,1.0,ka
0.0,59.0,122.0,87.0,142.0,35.0,41.0,137.0,-0.19,0.94,0.19,0.0,2.0,1.0,ka
0.0,59.0,122.0,86.0,142.0,35.0,38.0,137.0,-0.19,0.94,0.19,0.0,3.0,1.0,ka
0.0,57.0,122.0,87.0,142.0,35.0,36.0,134.0,-0.19,0.94,0.19,0.0,3.0,1.0,ka
0.0,57.0,122.0,87.0,142.0,35.0,36.0,137.0,-0.19,0.94,0.19,-1.0,3.0,0.0,ka
0.0,57.0,122.0,87.0,142.0,35.0,33.0,137.0,-0.18,0.94,0.19,-1.0,3.0,0.0,ka
0.0,57.0,122.0,87.0,142.0,35.0,33.0,139.0,-0.19,0.94,0.19,-2.0,3.0,0.0,ka
0.0,57.0,122.0,86.0,142.0,35.0,33.0,139.0,-0.19,0.94,0.19,-2.0,2.0,0.0,ka
0.0,57.0,123.0,87.0,142.0,35.0,33.0,137.0,-0.19,0.94,0.19,-2.0,2.0,0.0,ka
0.0,57.0,123.0,86.0,142.0,35.0,31.0,137.0,-0.19,0.94,0.2,-2.0,2.0,0.0,ka
0.0,57.0,123.0,86.0,142.0,34.0,33.0,134.0,-0.19,0.94,0.2,-2.0,2.0,0.0,ka
0.0,57.0,123.0,86.0,142.0,34.0,33.0,134.0,-0.19,0.94,0.2,-2.0,2.0,0.0,ka
0.0,57.0,123.0,86.0,142.0,34.0,33.0,132.0,-0.19,0.94,0.2,-2.0,2.0,0.0,ka
0.0,57.0,123.0,87.0,142.0,34.0,36.0,132.0,-0.19,0.94,0.2,-2.0,2.0,1.0,ka
0.0,57.0,123.0,86.0,142.0,34.0,36.0,132.0,-0.18,0.94,0.19,-1.0,2.0,1.0,ka
0.0,57.0,122.0,86.0,142.0,34.0,38.0,132.0,-0.18,0.94,0.19,-1.0,2.0,1.0,ka
0.0,57.0,123.0,86.0,142.0,34.0,38.0,132.0,-0.18,0.94,0.19,-1.0,2.0,1.0,ka
0.0,57.0,122.0,87.0,142.0,34.0,41.0,132.0,-0.18,0.94,0.19,-1.0,2.0,1.0,ka
0.0,57.0,122.0,87.0,145.0,35.0,41.0,132.0,-0.18,0.94,0.19,-2.0,2.0,1.0,ka
0.0,57.0,122.0,87.0,145.0,35.0,38.0,132.0,-0.18,0.94,0.19,-2.0,2.0,0.0,ka
0.0,57.0,122.0,87.0,145.0,34.0,41.0,132.0,-0.17,0.94,0.19,-2.0,2.0,0.0,ka
0.0,57.0,122.0,86.0,145.0,35.0,41.0,132.0,-0.17,0.94,0.19,-2.0,2.0,0.0,ka
0.0,57.0,122.0,86.0,145.0,35.0,38.0,132.0,-0.17,0.94,0.19,-2.0,2.0,0.0,ka
0.0,57.0,122.0,85.0,145.0,35.0,38.0,132.0,-0.17,0.94,0.19,-2.0,2.0,0.0,ka
0.0,59.0,122.0,85.0,142.0,35.0,41.0,134.0,-0.17,0.94,0.19,-2.0,2.0,0.0,ka
0.0,57.0,122.0,86.0,142.0,37.0,41.0,134.0,-0.17,0.94,0.2,-2.0,2.0,0.0,ka
0.0,59.0,122.0,85.0,142.0,37.0,41.0,134.0,-0.17,0.94,0.2,-2.0,2.0,0.0,ka
0.0,59.0,122.0,86.0,142.0,35.0,38.0,137.0,-0.17,0.94,0.2,-2.0,3.0,0.0,ka
0.0,59.0,122.0,85.0,140.0,35.0,38.0,137.0,-0.17,0.94,0.2,-2.0,3.0,0.0,ka
0.0,59.0,122.0,85.0,140.0,35.0,38.0,134.0,-0.17,0.94,0.2,-2.0,3.0,0.0,ka
0.0,59.0,122.0,86.0,140.0,35.0,38.0,137.0,-0.18,0.94,0.2,-2.0,3.0,0.0,ka
0.0,59.0,122.0,86.0,140.0,35.0,36.0,137.0,-0.18,0.94,0.2,-2.0,3.0,0.0,ka
0.0,59.0,122.0,86.0,140.0,35.0,41.0,137.0,-0.18,0.94,0.2,-2.0,3.0,0.0,ka
0.0,59.0,122.0,85.0,140.0,35.0,41.0,137.0,-0.18,0.94,0.2,-2.0,3.0,0.0,ka
0.0,59.0,122.0,86.0,142.0,35.0,41.0,139.0,-0.18,0.94,0.21,-3.0,3.0,0.0,ka
0.0,59.0,122.0,86.0,142.0,34.0,41.0,137.0,-0.18,0.94,0.21,-3.0,3.0,0.0,ka
0.0,57.0,122.0,86.0,142.0,34.0,41.0,137.0,-0.17,0.95,0.21,-3.0,2.0,0.0,ka
0.0,57.0,122.0,85.0,142.0,34.0,41.0,137.0,-0.17,0.94,0.21,-3.0,2.0,0.0,ka
0.0,57.0,122.0,85.0,142.0,34.0,41.0,137.0,-0.17,0.95,0.21,-3.0,2.0,0.0,ka
0.0,57.0,121.0,85.0,142.0,34.0,41.0,137.0,-0.18,0.94,0.21,-3.0,2.0,0.0,ka
0.0,57.0,121.0,85.0,142.0,34.0,41.0,137.0,-0.17,0.94,0.21,-3.0,2.0,0.0,ka
0.0,59.0,121.0,85.0,142.0,34.0,46.0,137.0,-0.17,0.94,0.21,-3.0,2.0,0.0,ka
0.0,57.0,121.0,85.0,142.0,34.0,43.0,137.0,-0.17,0.94,0.21,-3.0,2.0,0.0,ka
0.0,57.0,121.0,86.0,142.0,34.0,41.0,137.0,-0.17,0.94,0.21,-3.0,2.0,0.0,ka
0.0,59.0,121.0,85.0,142.0,34.0,41.0,134.0,-0.17,0.94,0.21,-2.0,2.0,0.0,ka
0.0,59.0,120.0,85.0,142.0,35.0,43.0,134.0,-0.17,0.94,0.21,-2.0,2.0,0.0,ka
0.0,59.0,121.0,85.0,142.0,35.0,41.0,134.0,-0.17,0.94,0.21,-2.0,2.0,0.0,ka
0.0,59.0,121.0,85.0,142.0,34.0,41.0,134.0,-0.16,0.94,0.21,-2.0,2.0,0.0,ka
0.0,59.0,121.0,85.0,145.0,34.0,38.0,134.0,-0.16,0.94,0.21,-2.0,2.0,0.0,ka
0.0,59.0,120.0,85.0,142.0,34.0,38.0,134.0,-0.16,0.94,0.21,-2.0,2.0,0.0,ka
0.0,59.0,121.0,85.0,142.0,34.0,38.0,134.0,-0.16,0.94,0.21,-2.0,2.0,0.0,ka
0.0,59.0,121.0,85.0,142.0,34.0,33.0,134.0,-0.16,0.94,0.21,-2.0,2.0,0.0,ka
0.0,59.0,121.0,85.0,142.0,34.0,31.0,134.0,-0.16,0.94,0.21,-2.0,2.0,0.0,ka
0.0,59.0,121.0,85.0,142.0,34.0,33.0,134.0,-0.16,0.94,0.22,-2.0,2.0,0.0,ka
0.0,59.0,121.0,85.0,142.0,34.0,33.0,134.0,-0.16,0.94,0.22,-2.0,2.0,0.0,ka
0.0,59.0,122.0,86.0,142.0,32.0,31.0,134.0,-0.16,0.94,0.22,-2.0,2.0,0.0,ka
0.0,57.0,121.0,86.0,142.0,32.0,33.0,134.0,-0.16,0.94,0.22,-2.0,2.0,0.0,ka
0.0,57.0,122.0,85.0,142.0,32.0,31.0,134.0,-0.16,0.94,0.22,-1.0,2.0,0.0,ka
0.0,59.0,121.0,85.0,142.0,32.0,33.0,132.0,-0.16,0.94,0.22,-1.0,2.0,0.0,ka
0.0,59.0,122.0,86.0,142.0,32.0,36.0,134.0,-0.16,0.94,0.22,-1.0,2.0,0.0,ka
0.0,59.0,122.0,86.0,142.0,32.0,36.0,134.0,-0.16,0.94,0.22,-1.0,2.0,0.0,ka
0.0,59.0,122.0,86.0,145.0,32.0,41.0,132.0,-0.16,0.94,0.22,-1.0,2.0,0.0,ka
0.0,57.0,121.0,86.0,142.0,34.0,41.0,132.0,-0.16,0.94,0.22,-1.0,2.0,0.0,ka
0.0,57.0,121.0,85.0,142.0,34.0,41.0,132.0,-0.16,0.94,0.22,-1.0,2.0,0.0,ka
0.0,57.0,121.0,85.0,142.0,34.0,41.0,130.0,-0.16,0.94,0.22,-1.0,2.0,0.0,ka
0.0,57.0,121.0,85.0,142.0,34.0,41.0,130.0,-0.16,0.94,0.22,-1.0,2.0,0.0,ka
0.0,57.0,121.0,85.0,140.0,35.0,41.0,130.0,-0.16,0.94,0.22,-1.0,2.0,0.0,ka
0.0,57.0,121.0,85.0,140.0,35.0,41.0,130.0,-0.16,0.94,0.22,-1.0,2.0,0.0,ka
0.0,57.0,121.0,85.0,137.0,35.0,41.0,130.0,-0.16,0.94,0.22,-1.0,2.0,0.0,ka
0.0,57.0,121.0,85.0,137.0,35.0,41.0,130.0,-0.16,0.94,0.22,-2.0,2.0,0.0,ka
0.0,57.0,121.0,85.0,140.0,35.0,43.0,130.0,-0.16,0.94,0.22,-2.0,2.0,0.0,ka
0.0,57.0,121.0,85.0,140.0,35.0,41.0,130.0,-0.16,0.94,0.22,-2.0,2.0,0.0,ka
0.0,57.0,121.0,84.0,137.0,35.0,41.0,130.0,-0.16,0.94,0.22,-2.0,2.0,0.0,ka
0.0,57.0,121.0,85.0,140.0,35.0,38.0,130.0,-0.16,0.94,0.22,-1.0,2.0,0.0,ka
0.0,59.0,121.0,85.0,137.0,34.0,38.0,130.0,-0.16,0.94,0.22,-2.0,2.0,0.0,ka
0.0,59.0,122.0,85.0,140.0,34.0,38.0,132.0,-0.16,0.94,0.22,-2.0,2.0,0.0,ka
0.0,57.0,122.0,85.0,140.0,34.0,38.0,130.0,-0.16,0.94,0.22,-2.0,2.0,0.0,ka
0.0,57.0,122.0,85.0,140.0,34.0,36.0,130.0,-0.16,0.94,0.22,-2.0,2.0,0.0,ka
0.0,57.0,122.0,86.0,142.0,34.0,36.0,132.0,-0.16,0.94,0.22,-2.0,2.0,0.0,ka
0.0,57.0,122.0,86.0,142.0,34.0,33.0,130.0,-0.16,0.94,0.22,-2.0,2.0,0.0,ka
0.0,57.0,122.0,86.0,140.0,34.0,33.0,130.0,-0.16,0.94,0.22,-2.0,2.0,0.0,ka
0.0,57.0,122.0,85.0,140.0,34.0,33.0,130.0,-0.16,0.94,0.22,-2.0,2.0,0.0,ka
0.0,57.0,122.0,85.0,140.0,34.0,33.0,130.0,-0.16,0.94,0.22,-2.0,2.0,0.0,ka
0.0,57.0,122.0,85.0,140.0,34.0,36.0,130.0,-0.16,0.94,0.22,-2.0,2.0,0.0,ka
0.0,57.0,122.0,85.0,140.0,35.0,36.0,132.0,-0.16,0.94,0.22,-2.0,2.0,-1.0,ka
0.0,57.0,123.0,85.0,142.0,34.0,33.0,134.0,-0.17,0.94,0.22,-2.0,2.0,0.0,ka
0.0,59.0,123.0,85.0,142.0,34.0,33.0,134.0,-0.17,0.94,0.22,-2.0,2.0,0.0,ka
0.0,59.0,122.0,84.0,142.0,34.0,36.0,134.0,-0.16,0.94,0.22,-1.0,2.0,0.0,ka
0.0,57.0,123.0,84.0,140.0,34.0,36.0,132.0,-0.16,0.94,0.22,-2.0,2.0,0.0,ka
0.0,57.0,123.0,84.0,140.0,34.0,31.0,132.0,-0.16,0.94,0.22,-1.0,2.0,0.0,ka
0.0,57.0,123.0,84.0,140.0,34.0,29.0,132.0,-0.16,0.94,0.22,-1.0,2.0,0.0,ka
0.0,57.0,123.0,84.0,140.0,34.0,29.0,132.0,-0.16,0.94,0.22,-1.0,2.0,0.0,ka
0.0,57.0,123.0,83.0,140.0,34.0,29.0,132.0,-0.16,0.94,0.22,-1.0,2.0,0.0,ka
0.0,59.0,123.0,83.0,140.0,34.0,26.0,130.0,-0.16,0.94,0.22,0.0,2.0,0.0,ka
0.0,59.0,122.0,82.0,140.0,34.0,26.0,127.0,-0.16,0.94,0.22,0.0,2.0,0.0,ka
0.0,59.0,122.0,82.0,140.0,34.0,29.0,125.0,-0.16,0.94,0.22,-1.0,2.0,0.0,ka
0.0,57.0,121.0,83.0,140.0,35.0,26.0,125.0,-0.16,0.94,0.22,-1.0,2.0,0.0,ka
0.0,59.0,122.0,83.0,140.0,35.0,26.0,125.0,-0.16,0.94,0.21,-1.0,2.0,0.0,ka
0.0,59.0,122.0,82.0,140.0,35.0,24.0,125.0,-0.16,0.94,0.22,-1.0,2.0,0.0,ka
0.0,59.0,122.0,82.0,140.0,35.0,26.0,125.0,-0.16,0.94,0.22,-1.0,2.0,-1.0,ka
0.0,57.0,121.0,82.0,140.0,35.0,26.0,125.0,-0.17,0.94,0.22,-1.0,2.0,-1.0,ka
0.0,57.0,122.0,83.0,142.0,35.0,29.0,127.0,-0.17,0.94,0.22,-1.0,2.0,0.0,ka
0.0,57.0,122.0,83.0,142.0,35.0,29.0,127.0,-0.17,0.94,0.22,-1.0,2.0,0.0,ka
0.0,57.0,122.0,83.0,140.0,34.0,31.0,127.0,-0.17,0.94,0.22,-1.0,2.0,0.0,ka
0.0,57.0,122.0,83.0,140.0,34.0,29.0,127.0,-0.17,0.94,0.22,-1.0,2.0,-1.0,ka
0.0,57.0,122.0,83.0,137.0,34.0,31.0,130.0,-0.17,0.94,0.21,-1.0,2.0,-1.0,ka
0.0,57.0,122.0,83.0,137.0,32.0,33.0,130.0,-0.17,0.94,0.21,0.0,2.0,-1.0,ka
0.0,57.0,122.0,83.0,137.0,32.0,33.0,127.0,-0.17,0.94,0.21,0.0,2.0,-1.0,ka
0.0,57.0,121.0,83.0,137.0,32.0,36.0,127.0,-0.17,0.94,0.21,0.0,2.0,-1.0,ka
0.0,57.0,121.0,83.0,137.0,32.0,36.0,127.0,-0.17,0.94,0.21,0.0,1.0,0.0,ka
0.0,57.0,121.0,83.0,137.0,32.0,33.0,127.0,-0.17,0.94,0.21,0.0,1.0,0.0,ka
0.0,55.0,121.0,83.0,137.0,32.0,31.0,125.0,-0.16,0.94,0.21,0.0,1.0,0.0,ka
0.0,57.0,121.0,83.0,140.0,32.0,33.0,127.0,-0.17,0.94,0.21,-1.0,2.0,0.0,ka
0.0,57.0,122.0,83.0,140.0,32.0,33.0,127.0,-0.17,0.94,0.21,-1.0,2.0,0.0,ka
0.0,55.0,122.0,83.0,142.0,32.0,33.0,127.0,-0.17,0.94,0.2,-1.0,2.0,0.0,ka
0.0,55.0,122.0,83.0,142.0,32.0,29.0,127.0,-0.17,0.94,0.21,-1.0,2.0,0.0,ka
0.0,55.0,122.0,84.0,140.0,32.0,29.0,125.0,-0.17,0.94,0.21,0.0,2.0,0.0,ka
0.0,55.0,123.0,84.0,142.0,32.0,26.0,127.0,-0.17,0.94,0.21,0.0,2.0,0.0,ka
0.0,55.0,123.0,84.0,142.0,32.0,26.0,127.0,-0.17,0.94,0.21,0.0,2.0,0.0,ka
0.0,55.0,123.0,84.0,142.0,34.0,26.0,127.0,-0.17,0.94,0.2,0.0,2.0,0.0,ka
0.0,57.0,124.0,84.0,140.0,32.0,29.0,127.0,-0.17,0.94,0.2,0.0,2.0,0.0,ka
0.0,57.0,124.0,84.0,140.0,34.0,29.0,127.0,-0.16,0.94,0.2,0.0,3.0,-1.0,ka
0.0,57.0,124.0,83.0,140.0,34.0,29.0,127.0,-0.17,0.94,0.2,0.0,2.0,-1.0,ka
0.0,57.0,123.0,82.0,140.0,35.0,26.0,127.0,-0.17,0.94,0.2,0.0,2.0,0.0,ka
0.0,57.0,123.0,82.0,140.0,35.0,26.0,130.0,-0.17,0.94,0.2,0.0,2.0,0.0,ka
0.0,57.0,124.0,82.0,140.0,35.0,29.0,130.0,-0.16,0.95,0.19,0.0,2.0,0.0,ka
0.0,57.0,123.0,81.0,140.0,35.0,29.0,130.0,-0.17,0.95,0.2,0.0,2.0,0.0,ka
0.0,57.0,123.0,81.0,140.0,35.0,31.0,132.0,-0.17,0.95,0.19,0.0,2.0,0.0,ka
0.0,57.0,122.0,81.0,140.0,35.0,33.0,130.0,-0.17,0.95,0.2,0.0,2.0,0.0,ka
0.0,57.0,122.0,82.0,140.0,35.0,31.0,132.0,-0.17,0.95,0.2,0.0,2.0,0.0,ka
0.0,57.0,122.0,82.0,140.0,35.0,31.0,132.0,-0.17,0.95,0.2,0.0,2.0,0.0,ka
0.0,57.0,122.0,83.0,140.0,35.0,33.0,132.0,-0.17,0.95,0.2,0.0,2.0,0.0,ka
0.0,59.0,122.0,84.0,140.0,35.0,31.0,132.0,-0.17,0.95,0.2,0.0,2.0,0.0,ka
0.0,57.0,121.0,84.0,140.0,34.0,31.0,132.0,-0.16,0.95,0.2,0.0,2.0,0.0,ka
0.0,57.0,122.0,85.0,140.0,34.0,36.0,132.0,-0.16,0.95,0.19,0.0,2.0,0.0,ka
0.0,57.0,122.0,84.0,137.0,34.0,33.0,130.0,-0.16,0.95,0.19,0.0,2.0,0.0,ka
0.0,57.0,122.0,84.0,137.0,34.0,33.0,130.0,-0.16,0.95,0.19,-1.0,2.0,0.0,ka
0.0,62.0,122.0,84.0,137.0,34.0,33.0,130.0,-0.16,0.95,0.19,-1.0,2.0,0.0,ka
0.0,62.0,123.0,84.0,137.0,34.0,33.0,130.0,-0.16,0.95,0.19,-2.0,2.0,0.0,ka
0.0,62.0,124.0,84.0,140.0,34.0,36.0,132.0,-0.16,0.95,0.19,-2.0,2.0,0.0,ka
0.0,62.0,124.0,84.0,134.0,34.0,36.0,130.0,-0.16,0.95,0.19,-2.0,2.0,0.0,ka
0.0,61.0,124.0,84.0,134.0,34.0,33.0,130.0,-0.16,0.95,0.19,-2.0,1.0,0.0,ka
0.0,61.0,124.0,83.0,134.0,32.0,36.0,130.0,-0.16,0.95,0.19,-2.0,2.0,0.0,ka
0.0,61.0,125.0,83.0,134.0,32.0,33.0,127.0,-0.16,0.95,0.2,-2.0,2.0,0.0,ka
0.0,61.0,124.0,82.0,134.0,32.0,31.0,127.0,-0.16,0.95,0.19,-2.0,2.0,0.0,ka
0.0,61.0,124.0,83.0,131.0,32.0,31.0,127.0,-0.16,0.95,0.2,-2.0,2.0,0.0,ka
0.0,61.0,124.0,83.0,131.0,32.0,29.0,130.0,-0.16,0.94,0.2,-2.0,2.0,0.0,ka
0.0,57.0,124.0,82.0,131.0,32.0,26.0,130.0,-0.16,0.94,0.2,-2.0,2.0,0.0,ka
0.0,57.0,125.0,82.0,131.0,32.0,26.0,130.0,-0.16,0.95,0.2,-2.0,2.0,0.0,ka
0.0,57.0,125.0,82.0,131.0,32.0,24.0,127.0,-0.16,0.95,0.2,-2.0,2.0,0.0,ka
0.0,57.0,125.0,82.0,134.0,32.0,24.0,130.0,-0.16,0.95,0.2,-2.0,2.0,0.0,ka
0.0,57.0,124.0,82.0,134.0,32.0,24.0,127.0,-0.16,0.95,0.2,-2.0,2.0,0.0,ka
0.0,57.0,125.0,82.0,134.0,34.0,26.0,127.0,-0.16,0.95,0.2,-2.0,3.0,0.0,ka
0.0,57.0,125.0,81.0,134.0,32.0,24.0,127.0,-0.16,0.95,0.2,-2.0,2.0,0.0,ka
0.0,57.0,125.0,82.0,131.0,32.0,26.0,127.0,-0.16,0.95,0.2,-2.0,2.0,0.0,ka
0.0,57.0,125.0,82.0,134.0,31.0,29.0,127.0,-0.16,0.95,0.2,-2.0,2.0,0.0,ka
0.0,57.0,125.0,82.0,134.0,31.0,29.0,127.0,-0.15,0.95,0.2,-2.0,2.0,0.0,ka
0.0,57.0,125.0,82.0,134.0,31.0,29.0,125.0,-0.15,0.95,0.2,-2.0,2.0,0.0,ka
0.0,57.0,124.0,82.0,134.0,31.0,29.0,127.0,-0.15,0.95,0.2,-2.0,2.0,0.0,ka
0.0,57.0,124.0,83.0,134.0,31.0,26.0,127.0,-0.15,0.95,0.2,-2.0,2.0,0.0,ka
0.0,57.0,124.0,83.0,134.0,31.0,29.0,127.0,-0.15,0.95,0.2,-2.0,2.0,0.0,ka
0.0,57.0,125.0,83.0,131.0,31.0,29.0,127.0,-0.15,0.95,0.2,-2.0,2.0,0.0,ka
0.0,59.0,125.0,83.0,134.0,31.0,26.0,127.0,-0.15,0.95,0.2,-2.0,2.0,0.0,ka
0.0,59.0,125.0,83.0,134.0,31.0,29.0,127.0,-0.15,0.95,0.2,-2.0,2.0,0.0,ka
0.0,59.0,125.0,83.0,137.0,31.0,29.0,127.0,-0.16,0.95,0.2,-2.0,2.0,0.0,ka
0.0,57.0,124.0,83.0,137.0,32.0,26.0,127.0,-0.16,0.95,0.2,-2.0,2.0,0.0,ka
0.0,57.0,124.0,83.0,137.0,32.0,29.0,127.0,-0.16,0.95,0.2,-2.0,3.0,0.0,ka
0.0,57.0,125.0,82.0,137.0,32.0,31.0,125.0,-0.16,0.95,0.2,-2.0,2.0,0.0,ka
0.0,57.0,125.0,82.0,134.0,32.0,29.0,125.0,-0.16,0.95,0.2,-2.0,2.0,0.0,ka
0.0,57.0,125.0,82.0,134.0,32.0,31.0,125.0,-0.16,0.95,0.2,-2.0,2.0,0.0,ka
0.0,57.0,125.0,82.0,134.0,32.0,31.0,125.0,-0.16,0.95,0.2,-2.0,2.0,0.0,ka
0.0,57.0,125.0,81.0,137.0,32.0,33.0,127.0,-0.16,0.95,0.2,-2.0,2.0,0.0,ka
0.0,57.0,125.0,82.0,137.0,32.0,33.0,127.0,-0.16,0.95,0.2,-2.0,2.0,0.0,ka
0.0,57.0,125.0,82.0,137.0,32.0,33.0,127.0,-0.16,0.95,0.2,-2.0,2.0,0.0,ka
0.0,57.0,125.0,82.0,134.0,32.0,33.0,127.0,-0.16,0.95,0.2,-2.0,2.0,0.0,ka
0.0,59.0,125.0,82.0,134.0,32.0,33.0,127.0,-0.16,0.95,0.2,-1.0,2.0,0.0,ka
0.0,59.0,126.0,83.0,134.0,32.0,33.0,127.0,-0.16,0.95,0.2,-1.0,2.0,0.0,ka
0.0,59.0,125.0,83.0,134.0,34.0,31.0,127.0,-0.16,0.95,0.2,-1.0,2.0,0.0,ka
0.0,57.0,125.0,83.0,137.0,32.0,31.0,130.0,-0.16,0.95,0.2,-2.0,2.0,0.0,ka
0.0,57.0,125.0,83.0,137.0,32.0,33.0,130.0,-0.16,0.95,0.2,-2.0,2.0,0.0,ka
0.0,57.0,125.0,83.0,137.0,32.0,31.0,127.0,-0.16,0.95,0.2,-1.0,2.0,0.0,ka
0.0,57.0,125.0,83.0,137.0,32.0,31.0,127.0,-0.16,0.95,0.2,-2.0,2.0,0.0,ka
0.0,57.0,125.0,83.0,137.0,31.0,29.0,130.0,-0.16,0.95,0.2,-2.0,2.0,0.0,ka
0.0,57.0,125.0,82.0,137.0,32.0,31.0,130.0,-0.16,0.95,0.2,-2.0,2.0,0.0,ka
0.0,57.0,126.0,82.0,137.0,32.0,26.0,125.0,-0.16,0.95,0.2,-2.0,2.0,0.0,ka
0.0,57.0,125.0,82.0,137.0,32.0,26.0,127.0,-0.16,0.95,0.2,-2.0,2.0,0.0,ka
0.0,57.0,125.0,82.0,137.0,32.0,26.0,125.0,-0.16,0.95,0.2,-2.0,2.0,0.0,ka
0.0,57.0,124.0,82.0,137.0,32.0,26.0,125.0,-0.16,0.95,0.2,-2.0,2.0,0.0,ka
0.0,57.0,124.0,82.0,137.0,34.0,26.0,125.0,-0.16,0.94,0.2,-2.0,2.0,0.0,ka
0.0,57.0,124.0,81.0,137.0,34.0,24.0,125.0,-0.16,0.95,0.2,-2.0,2.0,0.0,ka
0.0,57.0,124.0,81.0,137.0,34.0,26.0,125.0,-0.16,0.94,0.2,-2.0,2.0,0.0,ka
0.0,57.0,124.0,81.0,137.0,34.0,24.0,125.0,-0.16,0.94,0.2,-2.0,2.0,0.0,ka
0.0,57.0,124.0,81.0,137.0,34.0,26.0,125.0,-0.16,0.94,0.2,-2.0,2.0,0.0,ka
0.0,57.0,124.0,81.0,140.0,34.0,26.0,125.0,-0.16,0.94,0.2,-2.0,2.0,0.0,ka
0.0,57.0,124.0,81.0,137.0,34.0,29.0,127.0,-0.16,0.94,0.2,-2.0,2.0,0.0,ka
0.0,55.0,124.0,81.0,140.0,34.0,26.0,125.0,-0.16,0.94,0.2,-2.0,2.0,0.0,ka
0.0,55.0,124.0,82.0,140.0,34.0,24.0,125.0,-0.16,0.94,0.2,-2.0,2.0,0.0,ka
0.0,55.0,124.0,82.0,140.0,34.0,24.0,125.0,-0.16,0.95,0.2,-2.0,2.0,0.0,ka
0.0,55.0,124.0,83.0,140.0,34.0,26.0,125.0,-0.16,0.95,0.2,-2.0,2.0,0.0,ka
0.0,57.0,124.0,83.0,140.0,34.0,29.0,125.0,-0.16,0.95,0.2,-2.0,2.0,0.0,ka
0.0,57.0,124.0,83.0,137.0,34.0,26.0,125.0,-0.16,0.95,0.2,-2.0,2.0,0.0,ka
0.0,57.0,124.0,83.0,137.0,34.0,26.0,125.0,-0.16,0.95,0.2,-1.0,2.0,0.0,ka
0.0,57.0,124.0,84.0,137.0,34.0,29.0,127.0,-0.16,0.95,0.2,-1.0,2.0,0.0,ka
0.0,57.0,124.0,84.0,137.0,34.0,24.0,127.0,-0.16,0.95,0.2,-1.0,2.0,0.0,ka
0.0,57.0,123.0,84.0,140.0,34.0,24.0,127.0,-0.16,0.95,0.2,-1.0,2.0,0.0,ka
0.0,57.0,123.0,84.0,140.0,34.0,24.0,130.0,-0.16,0.95,0.2,-1.0,2.0,0.0,ka
0.0,59.0,123.0,83.0,137.0,34.0,26.0,130.0,-0.16,0.95,0.2,-1.0,2.0,0.0,ka
0.0,61.0,124.0,83.0,137.0,34.0,26.0,130.0,-0.16,0.95,0.2,-1.0,2.0,0.0,ka
0.0,61.0,125.0,82.0,137.0,32.0,26.0,132.0,-0.16,0.95,0.2,-2.0,2.0,0.0,ka
0.0,59.0,125.0,83.0,137.0,32.0,24.0,132.0,-0.16,0.95,0.2,-1.0,2.0,0.0,ka
0.0,59.0,124.0,82.0,137.0,32.0,24.0,132.0,-0.16,0.95,0.2,-2.0,2.0,0.0,ka
0.0,57.0,124.0,82.0,137.0,31.0,24.0,132.0,-0.16,0.95,0.2,-2.0,2.0,0.0,ka
0.0,57.0,124.0,82.0,137.0,31.0,24.0,130.0,-0.16,0.95,0.2,-2.0,2.0,0.0,ka
0.0,57.0,124.0,82.0,137.0,31.0,26.0,130.0,-0.16,0.95,0.2,-2.0,2.0,0.0,ka
0.0,57.0,124.0,81.0,134.0,31.0,29.0,130.0,-0.16,0.95,0.2,-1.0,2.0,0.0,ka
0.0,57.0,124.0,81.0,134.0,31.0,29.0,130.0,-0.15,0.95,0.2,-1.0,2.0,0.0,ka
0.0,57.0,124.0,81.0,137.0,31.0,26.0,130.0,-0.15,0.95,0.2,-2.0,2.0,0.0,ka
0.0,55.0,123.0,81.0,137.0,31.0,29.0,130.0,-0.15,0.95,0.2,-2.0,2.0,0.0,ka
0.0,53.0,123.0,81.0,137.0,31.0,29.0,125.0,-0.15,0.95,0.2,-2.0,2.0,0.0,ka
0.0,55.0,123.0,82.0,134.0,31.0,29.0,125.0,-0.15,0.95,0.2,-2.0,2.0,0.0,ka
0.0,55.0,123.0,82.0,134.0,31.0,29.0,125.0,-0.15,0.95,0.2,-2.0,2.0,0.0,ka
0.0,55.0,123.0,82.0,134.0,31.0,29.0,125.0,-0.15,0.94,0.2,-2.0,2.0,0.0,ka
0.0,55.0,123.0,82.0,134.0,31.0,29.0,125.0,-0.15,0.94,0.2,-2.0,2.0,0.0,ka
0.0,55.0,123.0,82.0,137.0,31.0,29.0,125.0,-0.15,0.95,0.2,-2.0,2.0,0.0,ka
0.0,55.0,123.0,82.0,137.0,32.0,29.0,125.0,-0.15,0.95,0.2,-2.0,2.0,0.0,ka
0.0,55.0,123.0,82.0,137.0,32.0,29.0,125.0,-0.15,0.95,0.2,-2.0,2.0,0.0,ka
0.0,55.0,124.0,83.0,137.0,32.0,31.0,125.0,-0.15,0.95,0.2,-1.0,2.0,0.0,ka
0.0,55.0,124.0,82.0,134.0,31.0,31.0,125.0,-0.15,0.95,0.2,-1.0,2.0,0.0,ka
0.0,55.0,124.0,82.0,134.0,31.0,29.0,127.0,-0.15,0.95,0.2,-1.0,2.0,0.0,ka
0.0,55.0,124.0,82.0,134.0,31.0,31.0,127.0,-0.15,0.95,0.2,-1.0,2.0,0.0,ka
0.0,55.0,125.0,82.0,137.0,31.0,33.0,127.0,-0.15,0.95,0.2,-1.0,2.0,0.0,ka
0.0,55.0,124.0,82.0,137.0,31.0,33.0,125.0,-0.15,0.95,0.2,-1.0,2.0,0.0,ka
0.0,55.0,124.0,82.0,137.0,31.0,31.0,125.0,-0.15,0.95,0.2,-1.0,2.0,0.0,ka
0.0,55.0,125.0,82.0,137.0,31.0,29.0,127.0,-0.15,0.95,0.19,-1.0,2.0,0.0,ka
0.0,55.0,125.0,82.0,134.0,31.0,31.0,127.0,-0.15,0.95,0.19,-1.0,2.0,0.0,ka
0.0,55.0,125.0,82.0,137.0,31.0,31.0,130.0,-0.15,0.95,0.2,-1.0,2.0,0.0,ka
0.0,57.0,125.0,81.0,137.0,32.0,29.0,132.0,-0.15,0.95,0.19,-1.0,2.0,0.0,ka
0.0,57.0,125.0,82.0,137.0,32.0,29.0,132.0,-0.16,0.95,0.19,-1.0,2.0,0.0,ka
0.0,57.0,125.0,82.0,137.0,32.0,29.0,132.0,-0.16,0.95,0.19,-1.0,2.0,0.0,ka
0.0,59.0,125.0,82.0,137.0,32.0,29.0,134.0,-0.16,0.95,0.19,-1.0,2.0,0.0,ka
0.0,59.0,125.0,82.0,137.0,32.0,29.0,132.0,-0.16,0.95,0.19,-2.0,2.0,0.0,ka
0.0,59.0,125.0,82.0,137.0,32.0,29.0,134.0,-0.16,0.95,0.19,-2.0,2.0,0.0,ka
0.0,59.0,125.0,81.0,137.0,32.0,29.0,134.0,-0.16,0.95,0.2,-2.0,2.0,0.0,ka
0.0,59.0,124.0,82.0,137.0,32.0,29.0,134.0,-0.16,0.95,0.2,-2.0,2.0,0.0,ka
0.0,59.0,124.0,82.0,137.0,32.0,29.0,132.0,-0.16,0.95,0.2,-2.0,2.0,0.0,ka
0.0,59.0,124.0,82.0,137.0,32.0,26.0,132.0,-0.16,0.95,0.2,-2.0,2.0,0.0,ka
0.0,61.0,124.0,82.0,137.0,31.0,29.0,130.0,-0.16,0.95,0.2,-2.0,2.0,0.0,ka
0.0,61.0,124.0,82.0,137.0,32.0,29.0,130.0,-0.16,0.95,0.2,-2.0,2.0,0.0,ka
0.0,61.0,124.0,82.0,140.0,32.0,29.0,130.0,-0.16,0.95,0.2,-2.0,2.0,0.0,ka
0.0,59.0,124.0,82.0,137.0,32.0,29.0,130.0,-0.16,0.95,0.19,-2.0,3.0,0.0,ka
0.0,59.0,124.0,83.0,137.0,32.0,29.0,132.0,-0.16,0.95,0.19,-2.0,2.0,0.0,ka
0.0,59.0,124.0,83.0,137.0,32.0,31.0,132.0,-0.16,0.95,0.19,-2.0,3.0,0.0,ka
0.0,59.0,123.0,83.0,137.0,32.0,31.0,132.0,-0.16,0.95,0.2,-2.0,2.0,0.0,ka
0.0,59.0,124.0,83.0,137.0,32.0,31.0,132.0,-0.16,0.95,0.19,-2.0,2.0,0.0,ka
0.0,59.0,124.0,83.0,137.0,31.0,31.0,132.0,-0.16,0.95,0.19,-2.0,3.0,0.0,ka
0.0,57.0,124.0,82.0,134.0,32.0,31.0,132.0,-0.16,0.95,0.19,-2.0,2.0,0.0,ka
0.0,55.0,124.0,82.0,134.0,31.0,29.0,130.0,-0.16,0.95,0.19,-2.0,3.0,0.0,ka
0.0,55.0,124.0,82.0,131.0,31.0,29.0,130.0,-0.16,0.95,0.19,-2.0,2.0,0.0,ka
0.0,53.0,124.0,82.0,131.0,31.0,26.0,130.0,-0.16,0.95,0.19,-2.0,2.0,0.0,ka
0.0,53.0,124.0,82.0,131.0,31.0,26.0,130.0,-0.16,0.95,0.19,-2.0,2.0,0.0,ka
0.0,53.0,124.0,82.0,131.0,31.0,26.0,127.0,-0.16,0.95,0.19,-2.0,2.0,0.0,ka
0.0,53.0,125.0,82.0,131.0,31.0,24.0,125.0,-0.16,0.95,0.19,-2.0,2.0,0.0,ka
0.0,53.0,125.0,82.0,134.0,31.0,24.0,125.0,-0.16,0.95,0.19,-2.0,2.0,0.0,ka
0.0,53.0,125.0,82.0,134.0,31.0,24.0,125.0,-0.16,0.95,0.19,-2.0,2.0,0.0,ka
0.0,53.0,125.0,82.0,131.0,31.0,24.0,127.0,-0.16,0.95,0.19,-2.0,2.0,0.0,ka
0.0,53.0,125.0,81.0,131.0,31.0,24.0,127.0,-0.16,0.95,0.19,-2.0,2.0,0.0,ka
0.0,53.0,125.0,82.0,134.0,31.0,26.0,127.0,-0.16,0.95,0.19,-1.0,2.0,0.0,ka
0.0,55.0,124.0,82.0,134.0,31.0,26.0,127.0,-0.16,0.95,0.19,-2.0,2.0,0.0,ka
0.0,55.0,125.0,82.0,134.0,31.0,26.0,125.0,-0.15,0.95,0.19,-1.0,2.0,0.0,ka
0.0,55.0,124.0,81.0,134.0,31.0,26.0,125.0,-0.16,0.95,0.19,-1.0,2.0,0.0,ka
0.0,55.0,124.0,81.0,134.0,29.0,26.0,125.0,-0.16,0.95,0.19,-1.0,2.0,0.0,ka
0.0,53.0,124.0,81.0,134.0,29.0,24.0,125.0,-0.16,0.95,0.19,-2.0,2.0,0.0,ka
0.0,55.0,124.0,81.0,131.0,29.0,26.0,127.0,-0.16,0.95,0.19,-1.0,2.0,0.0,ka
0.0,55.0,124.0,82.0,131.0,31.0,24.0,127.0,-0.16,0.95,0.19,-1.0,2.0,0.0,ka
0.0,55.0,124.0,81.0,131.0,31.0,24.0,127.0,-0.16,0.95,0.2,-1.0,2.0,0.0,ka
0.0,55.0,124.0,82.0,131.0,29.0,21.0,127.0,-0.16,0.95,0.19,-1.0,2.0,0.0,ka
0.0,55.0,124.0,82.0,131.0,29.0,21.0,127.0,-0.16,0.95,0.19,-2.0,2.0,0.0,ka
0.0,55.0,125.0,82.0,131.0,31.0,21.0,127.0,-0.15,0.95,0.19,-2.0,2.0,0.0,ka
0.0,55.0,125.0,82.0,131.0,31.0,21.0,127.0,-0.15,0.95,0.19,-2.0,2.0,0.0,ka
0.0,55.0,125.0,82.0,131.0,31.0,21.0,127.0,-0.15,0.95,0.19,-1.0,2.0,0.0,ka
0.0,57.0,125.0,83.0,131.0,31.0,21.0,127.0,-0.15,0.95,0.19,-2.0,2.0,0.0,ka
0.0,57.0,125.0,83.0,134.0,31.0,24.0,127.0,-0.16,0.95,0.19,-2.0,2.0,0.0,ka
0.0,57.0,124.0,83.0,134.0,31.0,24.0,125.0,-0.16,0.95,0.2,-2.0,2.0,0.0,ka
0.0,57.0,124.0,83.0,134.0,31.0,26.0,127.0,-0.16,0.95,0.2,-2.0,2.0,0.0,ka
0.0,57.0,124.0,83.0,137.0,31.0,26.0,127.0,-0.16,0.95,0.2,-2.0,2.0,0.0,ka
0.0,57.0,124.0,82.0,134.0,31.0,29.0,125.0,-0.16,0.95,0.2,-2.0,2.0,0.0,ka
0.0,57.0,124.0,82.0,134.0,31.0,29.0,127.0,-0.16,0.95,0.19,-2.0,2.0,0.0,ka
0.0,57.0,124.0,82.0,134.0,31.0,26.0,127.0,-0.16,0.95,0.2,-2.0,2.0,0.0,ka
0.0,57.0,124.0,82.0,134.0,31.0,29.0,127.0,-0.16,0.95,0.19,-2.0,2.0,0.0,ka
0.0,57.0,124.0,82.0,134.0,31.0,29.0,127.0,-0.16,0.95,0.19,-2.0,2.0,0.0,ka
0.0,57.0,125.0,82.0,134.0,31.0,29.0,125.0,-0.16,0.95,0.19,-2.0,2.0,0.0,ka
0.0,57.0,124.0,82.0,134.0,31.0,29.0,127.0,-0.16,0.95,0.19,-2.0,2.0,0.0,ka
0.0,57.0,124.0,81.0,134.0,31.0,26.0,127.0,-0.16,0.95,0.19,-2.0,2.0,0.0,ka
0.0,57.0,124.0,81.0,131.0,31.0,26.0,127.0,-0.16,0.95,0.19,-2.0,2.0,0.0,ka
0.0,57.0,124.0,81.0,131.0,31.0,29.0,127.0,-0.16,0.95,0.19,-2.0,2.0,0.0,ka
0.0,57.0,123.0,82.0,134.0,29.0,26.0,127.0,-0.16,0.95,0.19,-2.0,2.0,0.0,ka
0.0,57.0,124.0,82.0,131.0,29.0,26.0,125.0,-0.16,0.95,0.19,-2.0,2.0,0.0,ka
0.0,55.0,124.0,81.0,131.0,29.0,21.0,125.0,-0.15,0.95,0.19,-2.0,2.0,0.0,ka
0.0,55.0,124.0,81.0,131.0,31.0,21.0,125.0,-0.15,0.95,0.19,-2.0,2.0,0.0,ka
0.0,57.0,124.0,81.0,131.0,31.0,21.0,125.0,-0.16,0.95,0.2,-2.0,2.0,0.0,ka
0.0,55.0,124.0,81.0,134.0,31.0,21.0,125.0,-0.16,0.95,0.19,-2.0,2.0,0.0,ka
0.0,57.0,125.0,82.0,131.0,31.0,21.0,125.0,-0.16,0.95,0.2,-2.0,3.0,0.0,ka
0.0,57.0,125.0,82.0,131.0,31.0,21.0,125.0,-0.16,0.95,0.2,-2.0,2.0,0.0,ka
0.0,57.0,125.0,81.0,131.0,31.0,21.0,125.0,-0.16,0.95,0.2,-2.0,3.0,0.0,ka
0.0,57.0,125.0,81.0,134.0,31.0,21.0,125.0,-0.16,0.95,0.2,-2.0,2.0,0.0,ka
0.0,57.0,126.0,81.0,134.0,32.0,24.0,122.0,-0.16,0.95,0.2,-2.0,3.0,0.0,ka
0.0,57.0,124.0,82.0,134.0,32.0,24.0,122.0,-0.16,0.95,0.2,-1.0,2.0,0.0,ka
0.0,57.0,124.0,82.0,134.0,32.0,26.0,120.0,-0.16,0.95,0.2,-2.0,2.0,0.0,ka
0.0,57.0,124.0,82.0,137.0,31.0,26.0,122.0,-0.16,0.95,0.2,-1.0,2.0,0.0,ka
0.0,57.0,124.0,82.0,137.0,31.0,26.0,120.0,-0.16,0.95,0.2,-1.0,2.0,0.0,ka
0.0,57.0,124.0,82.0,134.0,31.0,26.0,120.0,-0.16,0.95,0.2,-1.0,2.0,0.0,ka
0.0,57.0,124.0,82.0,137.0,31.0,24.0,120.0,-0.16,0.95,0.2,-1.0,2.0,0.0,ka
0.0,55.0,124.0,82.0,134.0,31.0,24.0,122.0,-0.15,0.95,0.2,0.0,2.0,0.0,ka
0.0,55.0,124.0,82.0,137.0,29.0,24.0,120.0,-0.15,0.94,0.2,0.0,2.0,0.0,ka
0.0,57.0,124.0,82.0,134.0,29.0,26.0,120.0,-0.15,0.95,0.19,0.0,2.0,0.0,ka
0.0,55.0,124.0,82.0,131.0,29.0,26.0,120.0,-0.15,0.95,0.19,-1.0,1.0,0.0,ka
0.0,57.0,125.0,81.0,134.0,29.0,24.0,122.0,-0.15,0.95,0.19,-1.0,2.0,0.0,ka
0.0,57.0,125.0,81.0,134.0,29.0,24.0,122.0,-0.15,0.95,0.19,-1.0,2.0,0.0,ka
0.0,57.0,125.0,81.0,131.0,28.0,24.0,120.0,-0.15,0.95,0.19,-1.0,2.0,0.0,ka
0.0,57.0,125.0,81.0,131.0,29.0,21.0,122.0,-0.15,0.95,0.19,-2.0,2.0,0.0,ka
0.0,57.0,125.0,82.0,131.0,28.0,21.0,122.0,-0.15,0.95,0.19,-2.0,2.0,0.0,ka
0.0,57.0,125.0,82.0,131.0,28.0,24.0,122.0,-0.15,0.95,0.19,-2.0,2.0,0.0,ka
0.0,57.0,125.0,82.0,131.0,29.0,24.0,122.0,-0.15,0.95,0.19,-2.0,2.0,0.0,ka
0.0,57.0,125.0,82.0,126.0,29.0,24.0,125.0,-0.15,0.95,0.19,-2.0,2.0,0.0,ka
0.0,57.0,125.0,82.0,128.0,29.0,21.0,127.0,-0.15,0.95,0.19,-2.0,3.0,0.0,ka
0.0,59.0,124.0,82.0,126.0,29.0,21.0,127.0,-0.15,0.95,0.19,-2.0,2.0,0.0,ka
0.0,59.0,125.0,82.0,126.0,31.0,24.0,127.0,-0.15,0.95,0.19,-2.0,2.0,0.0,ka
0.0,59.0,125.0,83.0,126.0,31.0,26.0,130.0,-0.16,0.95,0.19,-2.0,2.0,0.0,ka
0.0,59.0,125.0,82.0,128.0,32.0,26.0,130.0,-0.16,0.95,0.19,-2.0,2.0,0.0,ka
0.0,59.0,125.0,82.0,128.0,32.0,26.0,127.0,-0.16,0.95,0.19,-1.0,2.0,0.0,ka
0.0,57.0,125.0,82.0,128.0,31.0,29.0,127.0,-0.15,0.95,0.19,-1.0,2.0,0.0,ka
0.0,59.0,125.0,82.0,131.0,32.0,31.0,127.0,-0.15,0.95,0.19,-1.0,2.0,0.0,ka
0.0,57.0,125.0,81.0,131.0,31.0,31.0,127.0,-0.15,0.95,0.19,-1.0,2.0,0.0,ka
0.0,57.0,125.0,82.0,134.0,31.0,31.0,127.0,-0.15,0.95,0.19,-1.0,2.0,0.0,ka
0.0,57.0,125.0,81.0,134.0,31.0,33.0,127.0,-0.15,0.95,0.19,-2.0,2.0,0.0,ka
0.0,55.0,125.0,81.0,134.0,31.0,31.0,127.0,-0.15,0.95,0.19,-2.0,2.0,0.0,ka
0.0,55.0,125.0,81.0,134.0,32.0,29.0,127.0,-0.15,0.95,0.19,-2.0,2.0,0.0,ka
0.0,55.0,124.0,81.0,134.0,32.0,29.0,127.0,-0.15,0.95,0.19,-2.0,2.0,0.0,ka
0.0,53.0,124.0,81.0,134.0,31.0,29.0,127.0,-0.15,0.95,0.19,-2.0,2.0,0.0,ka
0.0,55.0,124.0,81.0,134.0,31.0,31.0,125.0,-0.15,0.95,0.19,-2.0,2.0,0.0,ka
0.0,55.0,124.0,81.0,134.0,32.0,31.0,127.0,-0.15,0.95,0.19,-2.0,2.0,0.0,ka
0.0,55.0,124.0,81.0,134.0,32.0,29.0,127.0,-0.15,0.95,0.19,-1.0,2.0,0.0,ka
0.0,55.0,124.0,81.0,134.0,31.0,29.0,127.0,-0.15,0.95,0.19,-2.0,2.0,0.0,ka
0.0,55.0,124.0,81.0,137.0,31.0,26.0,127.0,-0.15,0.95,0.19,-1.0,2.0,0.0,ka
0.0,55.0,124.0,81.0,140.0,32.0,26.0,127.0,-0.15,0.95,0.19,-2.0,2.0,0.0,ka
0.0,55.0,124.0,81.0,137.0,31.0,26.0,127.0,-0.15,0.95,0.19,-1.0,2.0,0.0,ka
0.0,55.0,124.0,81.0,137.0,31.0,26.0,127.0,-0.15,0.95,0.19,-2.0,2.0,0.0,ka
0.0,55.0,124.0,81.0,137.0,31.0,29.0,127.0,-0.15,0.95,0.19,-1.0,2.0,0.0,ka
0.0,55.0,124.0,81.0,134.0,31.0,26.0,127.0,-0.15,0.95,0.19,-2.0,2.0,0.0,ka
0.0,55.0,124.0,81.0,134.0,31.0,24.0,130.0,-0.15,0.95,0.19,-2.0,2.0,0.0,ka
0.0,55.0,124.0,81.0,134.0,29.0,21.0,130.0,-0.15,0.95,0.19,-2.0,2.0,0.0,ka
0.0,53.0,124.0,81.0,134.0,29.0,21.0,130.0,-0.15,0.95,0.19,-2.0,2.0,0.0,ka
0.0,53.0,124.0,81.0,137.0,29.0,24.0,130.0,-0.15,0.95,0.19,-2.0,2.0,0.0,ka
0.0,55.0,124.0,81.0,134.0,29.0,24.0,132.0,-0.15,0.95,0.19,-2.0,3.0,0.0,ka
0.0,53.0,124.0,81.0,134.0,31.0,24.0,132.0,-0.15,0.95,0.19,-2.0,2.0,0.0,ka
0.0,53.0,124.0,81.0,134.0,31.0,26.0,132.0,-0.15,0.95,0.2,-2.0,3.0,0.0,ka
0.0,53.0,124.0,81.0,134.0,31.0,24.0,132.0,-0.15,0.95,0.2,-2.0,2.0,0.0,ka
0.0,53.0,124.0,81.0,134.0,31.0,24.0,132.0,-0.15,0.95,0.19,-2.0,2.0,0.0,ka
0.0,53.0,124.0,81.0,137.0,31.0,26.0,134.0,-0.15,0.95,0.2,-1.0,2.0,0.0,ka
0.0,53.0,125.0,80.0,137.0,31.0,24.0,130.0,-0.15,0.95,0.2,-1.0,2.0,0.0,ka
0.0,53.0,125.0,81.0,137.0,32.0,29.0,130.0,-0.15,0.95,0.19,-1.0,2.0,0.0,ka
0.0,53.0,125.0,80.0,137.0,32.0,29.0,132.0,-0.15,0.95,0.19,-1.0,2.0,0.0,ka
0.0,53.0,125.0,80.0,137.0,32.0,26.0,132.0,-0.15,0.95,0.19,-1.0,2.0,0.0,ka
0.0,53.0,125.0,81.0,137.0,32.0,29.0,132.0,-0.15,0.95,0.19,-1.0,2.0,0.0,ka
0.0,55.0,125.0,81.0,137.0,32.0,29.0,130.0,-0.15,0.95,0.19,-2.0,2.0,0.0,ka
0.0,57.0,125.0,81.0,137.0,32.0,29.0,130.0,-0.15,0.95,0.19,-2.0,2.0,0.0,ka
0.0,55.0,125.0,81.0,137.0,32.0,31.0,130.0,-0.15,0.95,0.19,-2.0,2.0,0.0,ka
0.0,55.0,125.0,81.0,137.0,31.0,31.0,127.0,-0.15,0.95,0.19,-2.0,2.0,0.0,ka
0.0,55.0,125.0,81.0,137.0,31.0,31.0,127.0,-0.15,0.95,0.19,-2.0,2.0,0.0,ka
0.0,55.0,126.0,81.0,137.0,31.0,29.0,127.0,-0.15,0.95,0.19,-2.0,2.0,0.0,ka
0.0,55.0,126.0,81.0,137.0,31.0,29.0,127.0,-0.15,0.95,0.19,-2.0,2.0,0.0,ka
0.0,55.0,126.0,81.0,137.0,31.0,29.0,127.0,-0.15,0.95,0.19,-2.0,2.0,0.0,ka
0.0,55.0,126.0,81.0,137.0,31.0,26.0,125.0,-0.15,0.95,0.19,-2.0,2.0,0.0,ka
0.0,55.0,126.0,81.0,137.0,31.0,26.0,122.0,-0.15,0.95,0.19,-2.0,2.0,0.0,ka
0.0,55.0,126.0,81.0,137.0,29.0,26.0,122.0,-0.15,0.95,0.19,-1.0,2.0,0.0,ka
0.0,55.0,126.0,82.0,134.0,29.0,26.0,122.0,-0.15,0.95,0.19,-1.0,2.0,0.0,ka
0.0,53.0,126.0,82.0,134.0,29.0,26.0,122.0,-0.15,0.95,0.19,-1.0,2.0,0.0,ka
0.0,53.0,126.0,81.0,134.0,29.0,26.0,120.0,-0.15,0.95,0.19,-1.0,2.0,0.0,ka
0.0,53.0,126.0,81.0,134.0,29.0,26.0,120.0,-0.15,0.95,0.19,-1.0,2.0,0.0,ka
0.0,53.0,125.0,81.0,134.0,29.0,29.0,120.0,-0.15,0.95,0.19,-1.0,2.0,0.0,ka
0.0,53.0,125.0,81.0,131.0,29.0,29.0,122.0,-0.15,0.95,0.19,-1.0,2.0,0.0,ka
0.0,53.0,125.0,81.0,131.0,29.0,29.0,122.0,-0.15,0.95,0.19,-2.0,2.0,0.0,ka
0.0,51.0,124.0,81.0,128.0,31.0,31.0,122.0,-0.15,0.95,0.19,-2.0,2.0,0.0,ka
0.0,51.0,124.0,81.0,128.0,31.0,29.0,122.0,-0.15,0.95,0.19,-2.0,2.0,0.0,ka
0.0,51.0,124.0,81.0,128.0,31.0,31.0,122.0,-0.15,0.95,0.19,-3.0,2.0,0.0,ka
0.0,51.0,124.0,81.0,128.0,31.0,33.0,122.0,-0.15,0.95,0.2,-2.0,2.0,0.0,ka
0.0,51.0,124.0,81.0,128.0,31.0,33.0,122.0,-0.15,0.95,0.2,-2.0,2.0,0.0,ka
0.0,53.0,124.0,82.0,131.0,31.0,38.0,122.0,-0.15,0.95,0.2,-2.0,2.0,0.0,ka
0.0,53.0,124.0,82.0,131.0,31.0,38.0,122.0,-0.15,0.95,0.2,-2.0,2.0,0.0,ka
0.0,53.0,124.0,82.0,128.0,31.0,41.0,122.0,-0.15,0.95,0.2,-2.0,2.0,0.0,ka
0.0,55.0,124.0,82.0,131.0,31.0,43.0,122.0,-0.15,0.95,0.2,-2.0,2.0,0.0,ka
0.0,55.0,124.0,82.0,134.0,31.0,43.0,122.0,-0.15,0.95,0.2,-2.0,2.0,0.0,ka
0.0,57.0,124.0,82.0,134.0,29.0,43.0,122.0,-0.15,0.95,0.2,-2.0,2.0,0.0,ka
0.0,57.0,124.0,82.0,134.0,29.0,46.0,122.0,-0.15,0.95,0.2,-1.0,2.0,0.0,ka
0.0,59.0,124.0,82.0,134.0,29.0,43.0,122.0,-0.15,0.95,0.2,0.0,2.0,0.0,ka
0.0,59.0,124.0,82.0,134.0,29.0,41.0,122.0,-0.15,0.95,0.2,-1.0,2.0,0.0,ka
0.0,59.0,124.0,82.0,131.0,29.0,38.0,122.0,-0.15,0.95,0.2,-1.0,2.0,0.0,ka
0.0,57.0,123.0,81.0,131.0,29.0,36.0,122.0,-0.15,0.95,0.2,-1.0,2.0,0.0,ka
0.0,57.0,124.0,81.0,131.0,29.0,36.0,122.0,-0.15,0.95,0.2,-1.0,2.0,-1.0,ka
0.0,57.0,124.0,81.0,131.0,29.0,33.0,122.0,-0.15,0.95,0.2,-1.0,2.0,0.0,ka
0.0,57.0,124.0,81.0,131.0,31.0,33.0,122.0,-0.15,0.95,0.2,-1.0,2.0,0.0,ka
0.0,57.0,123.0,81.0,128.0,31.0,31.0,122.0,-0.15,0.95,0.2,-1.0,2.0,0.0,ka
0.0,57.0,123.0,81.0,128.0,29.0,31.0,122.0,-0.15,0.95,0.2,-2.0,2.0,0.0,ka
0.0,57.0,123.0,80.0,128.0,29.0,29.0,122.0,-0.15,0.95,0.2,-1.0,2.0,0.0,ka
0.0,57.0,123.0,80.0,128.0,29.0,31.0,122.0,-0.15,0.95,0.19,-2.0,2.0,0.0,ka
0.0,57.0,123.0,80.0,128.0,29.0,33.0,125.0,-0.15,0.95,0.19,-1.0,2.0,0.0,ka
0.0,57.0,123.0,80.0,128.0,29.0,31.0,125.0,-0.15,0.95,0.19,-1.0,2.0,0.0,ka
0.0,57.0,124.0,80.0,128.0,29.0,31.0,125.0,-0.15,0.95,0.19,-1.0,2.0,0.0,ka
0.0,57.0,123.0,80.0,131.0,29.0,31.0,125.0,-0.15,0.95,0.19,-2.0,2.0,0.0,ka
0.0,55.0,123.0,80.0,128.0,29.0,29.0,125.0,-0.15,0.95,0.19,-1.0,2.0,0.0,ka
0.0,57.0,123.0,80.0,131.0,29.0,29.0,125.0,-0.15,0.95,0.19,-2.0,2.0,0.0,ka
0.0,55.0,124.0,80.0,131.0,29.0,31.0,127.0,-0.15,0.95,0.19,-2.0,2.0,0.0,ka
0.0,55.0,123.0,80.0,131.0,29.0,31.0,127.0,-0.15,0.95,0.19,-2.0,2.0,0.0,ka
0.0,57.0,124.0,80.0,131.0,29.0,29.0,125.0,-0.15,0.95,0.19,-2.0,2.0,0.0,ka
0.0,57.0,124.0,80.0,131.0,31.0,29.0,127.0,-0.15,0.95,0.2,-1.0,2.0,0.0,ka
0.0,55.0,124.0,81.0,131.0,29.0,26.0,125.0,-0.15,0.95,0.2,-1.0,2.0,0.0,ka
0.0,55.0,124.0,80.0,131.0,29.0,26.0,122.0,-0.15,0.95,0.19,-1.0,2.0,0.0,ka
0.0,55.0,123.0,80.0,131.0,29.0,26.0,122.0,-0.15,0.95,0.19,-1.0,2.0,0.0,ka
0.0,55.0,123.0,80.0,131.0,29.0,26.0,125.0,-0.15,0.95,0.19,0.0,2.0,0.0,ka
0.0,55.0,123.0,80.0,131.0,29.0,26.0,125.0,-0.15,0.95,0.19,-1.0,2.0,0.0,ka
0.0,55.0,123.0,80.0,131.0,29.0,26.0,125.0,-0.15,0.95,0.19,-1.0,2.0,0.0,ka
0.0,53.0,123.0,79.0,128.0,29.0,26.0,125.0,-0.15,0.95,0.19,0.0,2.0,0.0,ka
0.0,55.0,124.0,80.0,131.0,29.0,26.0,122.0,-0.15,0.95,0.19,0.0,2.0,0.0,ka
0.0,53.0,123.0,80.0,131.0,29.0,26.0,122.0,-0.15,0.95,0.19,-1.0,2.0,0.0,ka
0.0,53.0,123.0,80.0,128.0,29.0,26.0,122.0,-0.15,0.95,0.19,-1.0,2.0,0.0,ka
0.0,57.0,123.0,80.0,128.0,29.0,29.0,122.0,-0.15,0.95,0.19,-2.0,2.0,0.0,ka
0.0,57.0,124.0,80.0,128.0,31.0,26.0,122.0,-0.15,0.95,0.19,-1.0,2.0,0.0,ka
0.0,57.0,124.0,81.0,128.0,29.0,29.0,122.0,-0.15,0.95,0.19,-1.0,2.0,0.0,ka
0.0,59.0,124.0,81.0,128.0,29.0,29.0,122.0,-0.16,0.95,0.19,-1.0,2.0,0.0,ka
0.0,59.0,124.0,82.0,128.0,29.0,26.0,122.0,-0.16,0.94,0.19,-2.0,2.0,0.0,ka
0.0,57.0,124.0,82.0,128.0,29.0,26.0,120.0,-0.15,0.95,0.19,-1.0,2.0,0.0,ka
0.0,57.0,124.0,83.0,131.0,31.0,29.0,120.0,-0.15,0.95,0.19,-2.0,2.0,0.0,ka
0.0,59.0,125.0,82.0,131.0,31.0,29.0,122.0,-0.15,0.95,0.19,-3.0,1.0,0.0,ka
0.0,59.0,125.0,82.0,131.0,31.0,31.0,122.0,-0.15,0.95,0.2,-2.0,1.0,0.0,ka
0.0,57.0,124.0,82.0,131.0,31.0,33.0,122.0,-0.15,0.95,0.2,-2.0,1.0,0.0,ka
0.0,57.0,124.0,83.0,131.0,31.0,36.0,122.0,-0.15,0.95,0.2,-2.0,1.0,0.0,ka
0.0,57.0,124.0,82.0,134.0,31.0,38.0,122.0,-0.15,0.95,0.2,-2.0,1.0,0.0,ka
0.0,57.0,124.0,82.0,134.0,32.0,41.0,122.0,-0.15,0.95,0.2,-2.0,2.0,0.0,ka
0.0,55.0,124.0,82.0,134.0,32.0,46.0,122.0,-0.15,0.95,0.2,-2.0,2.0,0.0,ka
0.0,55.0,124.0,81.0,134.0,32.0,46.0,125.0,-0.15,0.95,0.2,-2.0,2.0,0.0,ka
0.0,55.0,124.0,81.0,134.0,32.0,48.0,122.0,-0.15,0.95,0.2,-2.0,2.0,0.0,ka
0.0,55.0,123.0,81.0,134.0,32.0,50.0,122.0,-0.15,0.95,0.2,-1.0,2.0,0.0,ka
0.0,57.0,121.0,81.0,131.0,32.0,48.0,120.0,-0.15,0.95,0.2,0.0,2.0,-1.0,ka
0.0,55.0,121.0,81.0,131.0,31.0,46.0,122.0,-0.15,0.95,0.2,0.0,2.0,-1.0,ka
0.0,57.0,121.0,81.0,131.0,32.0,46.0,125.0,-0.15,0.95,0.2,0.0,2.0,-1.0,ka
0.0,57.0,122.0,81.0,131.0,31.0,43.0,122.0,-0.15,0.95,0.19,0.0,2.0,-1.0,ka
0.0,57.0,121.0,81.0,131.0,31.0,43.0,122.0,-0.15,0.95,0.2,0.0,2.0,-1.0,ka
0.0,57.0,121.0,81.0,131.0,31.0,41.0,122.0,-0.15,0.95,0.19,0.0,2.0,-1.0,ka
0.0,57.0,120.0,81.0,128.0,31.0,38.0,122.0,-0.15,0.95,0.19,-1.0,2.0,0.0,ka
0.0,57.0,120.0,81.0,128.0,31.0,38.0,122.0,-0.15,0.95,0.19,0.0,2.0,0.0,ka
0.0,57.0,120.0,81.0,126.0,31.0,38.0,125.0,-0.15,0.95,0.19,-1.0,2.0,0.0,ka
0.0,57.0,120.0,80.0,123.0,31.0,36.0,125.0,-0.15,0.95,0.19,-1.0,2.0,0.0,ka
0.0,55.0,121.0,80.0,126.0,31.0,33.0,125.0,-0.15,0.95,0.19,-1.0,2.0,0.0,ka
0.0,55.0,120.0,80.0,126.0,31.0,33.0,125.0,-0.15,0.95,0.19,-2.0,2.0,0.0,ka
0.0,57.0,120.0,80.0,126.0,31.0,33.0,122.0,-0.15,0.95,0.19,-1.0,2.0,0.0,ka
0.0,57.0,120.0,80.0,126.0,31.0,31.0,125.0,-0.15,0.95,0.19,-1.0,2.0,0.0,ka
0.0,55.0,119.0,79.0,126.0,31.0,29.0,125.0,-0.15,0.95,0.19,-1.0,2.0,0.0,ka
0.0,55.0,120.0,80.0,123.0,29.0,29.0,125.0,-0.15,0.95,0.19,-1.0,2.0,0.0,ka
0.0,55.0,120.0,80.0,126.0,31.0,31.0,125.0,-0.15,0.95,0.19,-1.0,2.0,0.0,ka
0.0,55.0,120.0,79.0,126.0,31.0,31.0,125.0,-0.15,0.94,0.19,-1.0,2.0,0.0,ka
0.0,55.0,120.0,80.0,128.0,31.0,31.0,125.0,-0.15,0.95,0.19,-1.0,2.0,0.0,ka
0.0,55.0,120.0,80.0,128.0,29.0,31.0,127.0,-0.15,0.95,0.19,0.0,2.0,0.0,ka
0.0,55.0,120.0,80.0,128.0,31.0,33.0,125.0,-0.15,0.95,0.19,-1.0,2.0,0.0,ka
0.0,55.0,121.0,79.0,128.0,31.0,33.0,125.0,-0.15,0.95,0.19,0.0,2.0,0.0,ka
0.0,55.0,121.0,80.0,128.0,32.0,36.0,125.0,-0.15,0.95,0.19,-1.0,2.0,0.0,ka
0.0,55.0,121.0,80.0,128.0,31.0,38.0,125.0,-0.15,0.95,0.19,-1.0,2.0,0.0,ka
0.0,57.0,121.0,80.0,128.0,32.0,38.0,125.0,-0.15,0.95,0.19,-1.0,2.0,0.0,ka
0.0,57.0,121.0,80.0,131.0,32.0,38.0,122.0,-0.16,0.95,0.19,-2.0,2.0,-1.0,ka
